419324,4324448,10,32207,35179003,3237559,2771,60278432,15597307,10,15519568,591233,458273,4,500566,458429,15519568,39075,2769,42915411,0
451799,4335130,6,30563,35177276,3236345,2991,60283708,15502099,6,17782078,595517,467990,6,505506,467978,17782078,40696,2990,42533909,0
430483,4310509,1,31632,35153625,3194429,4046,60439100,15628234,2,16270211,595342,462398,5,501306,462383,16270210,40287,4048,43165625,0
404199,4359482,1,28740,35161653,3237751,2894,70344285,18142406,2,15547714,590729,478364,4,509643,478375,15547713,38979,2890,49973334,0
428120,4174680,4,34503,35157626,3256457,2422,60285570,15621031,3,15454733,597488,392353,3,480617,392375,15454735,41925,2454,43146988,0
408001,4363301,4,29083,35171718,3203101,3299,60260823,15470883,3,15561662,582693,469759,5,505327,469748,15561662,34991,3297,42253242,0
424481,4335395,5,33302,35191896,3224068,3084,62969828,16255124,5,15516849,586681,460511,6,502961,460882,15516849,36451,3093,44827745,0
5899,1397778,2,1466,30088867,1232138,389,60160948,17284087,2,17284870,78012,8799,1,78307,8783,17284868,1387,389,52355498,0
419271,4356521,5,32744,35224119,4083995,3493,60288084,15556677,5,15503662,766826,477504,4,508966,477667,15503662,153846,3480,42822375,0
1111563,3235465,5,102580,35155226,5546718,3859,70013605,19003853,6,18620045,597437,399697,5,181968,399702,18620047,114044,3906,42795067,0
451585,4176593,2,35657,35146266,3214240,2933,60360279,15517397,3,16657881,594763,387999,5,479258,387993,16657883,40951,2964,42478732,0
409836,4192908,5,29430,35162057,3259956,2944,60352583,15535276,5,15543504,595988,397894,5,484172,398296,15543503,40120,2941,42730181,0
471738,4321553,5,33779,35172448,3239948,2893,70369842,18230329,5,18075023,593341,446011,6,496882,446024,18075023,39514,2899,50381380,0
705956,7504569,3,78161,5172735,874941,12866,69934115,19605375,3,12558645,88989,2245035,1,722486,2245033,12558644,16980,12869,43100839,0
425203,4043082,4,34165,35169699,3199305,1989,60253956,15548039,3,15471329,593126,305923,8,453537,305902,15471329,39684,1953,42692684,0
1582871,5385329,0,167494,34912205,5684092,8876,69626674,19443496,0,19616369,588841,1209325,0,345574,1209303,19616368,123629,8868,47856811,0
421082,4783572,5,32933,35158705,3188529,2631,60297463,15586193,5,15488328,588362,447691,3,547429,447700,15486416,37113,2630,42962915,0
26587,8125261,3,3757,27784942,4504520,2073,69877291,19620102,3,626115,468800,2234794,3,487660,2234813,626113,101895,2064,42903968,0
430008,4313237,2,34870,30154123,2726859,2925,68491222,17631767,2,15458100,506346,458174,4,501901,457720,15460012,33564,2953,48528809,0
420592,4256174,3,32199,35178892,3216856,2698,60283113,15518726,3,15528314,586423,422343,6,490862,422270,15528313,36652,2707,42612105,0
4937,1456641,2,879,30088430,1231737,234,60164345,17291032,2,17295736,77882,8458,1,81708,8457,17295737,878,235,52376936,0
418861,4292480,4,31919,30150407,2788742,3174,65807000,16997379,4,15472117,508716,436563,3,494567,436161,15472118,35843,3191,46896739,0
412995,4366415,4,29680,31022472,2808834,2736,70346174,18143636,5,15527822,516535,479353,4,511332,479372,15527824,34199,2743,50071836,0
414829,4044008,3,31047,30186795,2724391,1692,62724108,16170891,3,15509143,508443,304142,5,452813,304125,15509144,34032,1642,44515666,0
416259,4407924,6,30912,35170535,3196498,3065,64879343,16729199,5,15527132,594406,485092,8,513024,485103,15527132,39983,3062,46011329,0
429137,4302622,1,34790,30155695,2726385,2893,60291254,15520119,1,15470088,500589,451218,4,498552,451203,15470088,32724,2895,42609317,0
418393,4344367,0,32315,35169562,3211338,3247,70346473,18134857,1,15505466,587445,460816,3,502820,460854,15506896,36230,3240,49995295,0
424694,4385032,7,32688,35153985,3215326,3099,66070701,17085273,7,15492840,596287,477860,6,508156,477449,15492839,40235,3103,47092132,0
416524,4351488,6,31336,35174108,3201119,2695,60308645,15592976,6,15519594,581286,475554,8,508187,475158,15519595,35019,2723,43058694,0
424846,4048997,7,33284,34424172,3146332,1659,60354581,15650521,7,15486717,577458,307909,7,454383,307910,15486720,37201,1628,43145768,0
395979,4369826,5,27283,35174798,3221543,3130,60311258,15543709,5,15585478,598027,474750,5,507067,474693,15585478,40390,3133,42840442,0
395192,4044374,6,27846,35156803,3234663,1630,70288271,18088602,5,15589838,598633,305221,3,453380,305261,15586956,41531,1573,49514943,0
8379,47914,8,2447,297308,34490,1937,523825,92586,8,131738,3832,11552,19,4135,11480,131738,1820,1949,206230,0
426710,4391319,6,34163,35241102,3248640,3809,60385331,15510309,6,15472377,595276,478785,8,509366,478783,15472376,41826,3812,42514644,0
409894,4403976,2,29793,35160303,3212077,3501,66793210,17423165,2,15540849,593919,483188,4,510513,482904,15539414,40632,3507,48163901,0
5113,4174271,5,728,35094060,3191444,678,70172821,30740653,5,30732528,218491,9647,2,220190,9630,30732530,1137,674,52641243,0
492573,4341908,7,38756,35157863,3182100,2918,70341994,18147037,6,17998468,583536,462020,11,502210,462026,17998470,35322,2906,50038068,0
412038,4366805,1,30197,34393556,3130515,2900,60267654,15478728,2,15541697,577636,473740,1,507948,473289,15541695,37814,2899,42402925,0
419054,4337885,6,32069,33329981,3026669,3313,60277650,15465467,7,15479605,559644,466148,7,504906,466124,15477677,37180,3310,42365019,0
425545,4347585,9,33204,35165730,3251332,2936,60293029,15489791,9,15575360,591153,471178,6,506881,471173,15575361,40011,2951,42282962,0
412756,5057799,5,29856,35196105,4100118,2882,69195235,17888195,5,15555993,750361,531759,8,587932,531747,15553586,149999,2877,49292726,0
426814,4324845,5,33207,35174113,3203477,2895,60351577,15561636,5,15495611,586576,461514,9,501466,461532,15495611,36023,2883,42812993,0
1450063,8494042,0,146230,27914326,4558189,10277,69640122,19538858,0,19885689,469332,1984180,0,561148,1984183,19885688,102426,10280,43233223,0
412595,4334402,4,31160,35159042,3198905,2795,68661843,17601917,4,15519742,588604,460910,6,502278,460797,15519741,37233,2784,48061576,0
471216,4321726,1,32935,35169130,3223894,2727,60391868,15518287,2,18039455,596590,451272,2,499872,451235,18040890,41140,2724,42367803,0
420323,4357723,4,32221,35165592,3163651,3005,60306778,15611434,4,15492522,588903,464293,5,503320,464293,15492523,37104,3000,43192181,0
426049,4296351,8,33946,35169760,3145511,3110,60201143,15510879,7,15466412,582456,449072,7,499777,449071,15466413,34159,3097,42614442,0
424139,4041416,2,34143,35209759,3278395,1667,60320286,15562798,3,15476867,594131,305755,4,453062,305741,15476865,39961,1670,42940745,0
425894,4368894,4,32990,35160588,3234965,3204,60290660,15526215,4,15723782,599752,459397,6,499446,459031,15725279,41598,3198,42599724,0
433110,4205128,12,30085,35147753,3201727,2303,60306834,15531561,12,16620202,593296,409059,8,484624,408664,16620202,38955,2378,42573112,0
4956,1396896,1,1009,30088529,1231572,47,60187038,17282219,1,17295593,77996,7390,1,78215,7398,17295594,950,45,52350276,0
399181,4363031,4,27992,35134613,3219921,2748,60296043,15482129,3,15578274,596476,475193,4,509600,475267,15578276,41292,2736,42434497,0
431262,4349899,4,34531,35167661,3184069,2922,60313308,15858785,4,15478811,591788,460152,2,502932,460524,15478812,38132,2920,44034975,0
421429,4095933,6,32983,30189361,2782456,2589,70316525,18198225,5,15469011,509993,340489,5,464413,340921,15469011,36250,2568,50306489,0
416384,4338235,5,31323,35174120,3245109,3401,60319419,15542968,5,15509578,601360,468682,7,506816,468306,15509578,42619,3398,42681743,0
419790,4209138,5,32853,35171857,3175587,2307,60278830,15494212,4,15490609,590632,393496,3,480488,393505,15490607,39164,2306,42436430,0
474892,4285995,4,37409,35216788,3188735,2704,70306885,18145712,4,17349158,587495,445817,6,497573,445459,17349158,37458,2713,50017674,0
482301,4326768,4,36104,35166042,3220546,2947,60302564,15525896,3,18089858,598151,461401,5,502283,461368,18089858,41497,2946,42665223,0
402404,4380836,5,28565,35175706,3222033,3110,60279304,15548801,5,15543978,596865,485192,5,512247,485092,15543979,41514,3102,42913956,0
422470,4340470,5,33219,30178297,2774494,2810,67976865,17492401,5,15487727,510737,473485,4,506814,473422,15487726,36521,2813,47979002,0
419045,4388499,3,31344,35180352,3199814,3171,60318541,15452287,3,15516236,592981,465490,3,503816,465441,15516235,39971,3206,42206812,0
1673338,5604350,0,166298,9311802,1472807,11809,39049169,10778128,0,19891350,155580,1315345,0,388052,1315276,19891350,37214,11941,26422060,0
417509,4351086,3,32633,35169110,4039704,2709,70285424,18049348,2,15480412,756422,456703,6,501934,457065,15481844,152822,2714,49376864,0
441924,4715651,2,35489,35162571,3218154,1677,70376516,18119931,2,16192529,596727,352871,3,527508,352957,16192529,40431,1624,49770347,0
419615,4351462,1,32963,30176947,2793506,3352,60334564,15498574,2,15481226,505205,457922,4,501360,457976,15483136,34579,3352,42380541,0
488911,4341464,160,42105,35108346,3877939,10629,70166014,17855798,157,17580780,716545,521697,78,503829,520554,17579695,144345,11000,49021707,0
397916,4116091,1,28115,35173247,3202189,2603,69689118,17977715,0,15562049,592783,360098,2,469017,360016,15562050,39023,2644,49525633,0
413763,4348354,3,30114,35196734,3247051,3532,70471005,18189954,3,15542667,593916,457099,8,500350,457198,15545950,40308,3522,50061510,0
426651,4038796,5,33894,35189273,3216843,2123,66957123,17259609,5,15493333,596730,305934,6,452582,305925,15495243,41151,2107,47457872,0
422046,4345457,3,33668,33044151,3020076,3129,60279958,15601840,4,15463114,559208,464457,4,504183,464852,15463115,38569,3120,42959088,0
414225,4310403,3,31690,35153529,3194188,2897,60304366,15516724,3,15517180,591488,453520,3,500778,453537,15517182,39263,2885,42589606,0
411691,4294492,2,30485,35219167,4006196,3254,60915609,15734519,2,15526997,744794,438782,6,495104,438563,15529650,146798,3255,43428381,0
440565,4384527,5,33089,35168221,3205454,3247,60299447,15553093,5,16407497,582379,482778,6,510048,483169,16407498,35010,3235,42826927,0
426477,4365238,1,33356,35148564,3198311,3110,60344985,15606100,2,15515684,585714,474664,3,506823,474731,15515680,36309,3091,43101010,0
459723,4360484,5,32721,35202072,3247822,2729,60340662,15529540,4,17925053,595035,475303,6,509327,475285,17925054,39852,2731,42612044,0
424950,4357345,6,33311,35158239,3213562,3034,60281711,15543337,6,15517928,595809,474036,7,506773,473642,15516496,40734,3040,42691700,0
422337,4213058,3,33038,35178920,3212509,2868,60679546,15577347,2,15500839,594425,397459,4,483455,397450,15500841,40267,2859,42608706,0
373397,4299478,1,23285,35187382,3266494,2892,60297601,15500099,2,15717932,592937,451242,2,499398,451633,15717932,39909,2882,42447140,0
431922,4308495,3,34938,35187686,3264195,2930,60289480,15518414,3,15475833,585283,457610,2,501569,457654,15475832,36368,2920,42633497,0
415026,4366710,8,30521,35171568,3160297,4222,70419481,18106496,8,15512917,577719,484986,5,511285,484617,15512915,33461,4235,49669090,0
1631148,39678,0,168000,28578478,4659632,1382,40239257,11278088,0,19633754,483308,9682,0,3592,9750,19633755,105451,1244,27759247,0
473857,4304803,7,34459,35193975,3241065,3007,63755812,16466664,7,18097664,596606,447625,5,498398,447969,18097664,42774,3014,45454294,0
421426,4334264,3,33156,35146322,3239596,2872,60285297,15518881,3,15492677,594030,454935,5,501216,454900,15492676,39060,2877,42628475,0
5665,4170771,5,830,35094023,3193557,37,70172412,30999822,5,30953914,174127,7360,2,198676,7390,30953913,843,35,53069847,0
411922,4322556,2,27949,35170708,3231357,3393,70417928,18292615,3,16013614,597553,464148,2,502322,464167,16013614,41069,3405,50603507,0
426224,4341769,4,34435,14939732,1345208,3303,60292606,15638295,5,15449092,249677,471950,5,505046,471903,15449093,18546,3308,43345727,0
428540,4794209,4,34513,35175212,3182659,2889,65676837,16933657,3,15490160,591845,490151,5,550258,490168,15490163,38326,2888,46490165,0
460890,4204754,4,36504,35224099,3228536,2399,60369946,15565427,4,16883552,593313,377109,9,476166,377081,16883552,38276,2400,42907183,0
413345,4307685,6,30184,30150860,2752334,2798,60272078,15535525,5,15527333,509779,452785,5,499907,452771,15527333,35857,2804,42731572,0
414457,4312392,4,29840,35164541,3226327,3535,62052930,16002049,4,15555431,595260,458240,6,499849,458192,15557360,40613,3547,44095723,0
447504,4856977,9,33133,30167129,2755455,2428,60312619,15525274,9,16606214,510047,426086,5,551311,426074,16609021,35868,2415,42654432,0
418234,4181245,4,31905,35156544,3183140,2150,60304401,15508794,3,15507423,589714,365697,6,470886,365710,15507422,38279,2137,42444959,0
425234,4310158,2,33409,35148692,3162199,3331,60345553,15497030,1,15463835,585127,458636,5,502057,458648,15465764,35949,3326,42476022,0
409171,4357818,6,30634,35318890,4102923,2815,61467345,15860525,7,15524717,767879,475080,11,507308,474799,15522799,154766,2823,43734203,0
490198,7446410,6,56870,22495612,3672254,11034,69895109,19660081,6,8667547,378718,2294719,1,698278,2294746,8667546,79948,11025,43439392,0
432556,4363377,9,34739,35180365,3207716,2942,70314455,18097235,10,15723189,585405,467420,11,505094,467902,15723186,37193,2936,49724637,0
421381,4304135,3,32959,33124492,3024632,2755,70312826,18088872,3,15493367,552651,447383,2,497762,447016,15493370,35524,2774,49765362,0
472576,4357615,1,33294,35170187,3128041,3320,70323098,18184668,1,18131401,578086,475041,4,507733,475012,18133362,33438,3336,50198031,0
393418,4396318,1,26662,30774229,2846234,3316,70316408,18087874,2,15610410,520178,484975,4,511232,484925,15610410,37012,3331,49588388,0
426404,4394353,7,30761,35160355,3200577,2958,60431511,15533331,6,16083184,594336,478259,11,509535,478273,16085102,39347,2953,42534522,0
487722,4342675,3,37062,35195561,3213752,2749,70396550,18089423,2,18060698,590481,468920,5,505572,469174,18060701,39126,2733,49648680,0
491488,4382069,5,39238,35160198,3192083,3425,60377049,15508513,5,18015265,585548,470235,8,504961,470227,18015266,35370,3436,42360263,0
407318,4384529,4,28874,35168138,3214170,3155,60287126,15541334,4,15570358,588140,484165,3,512478,484131,15570361,38460,3174,42710804,0
420576,4319956,6,32656,35203173,3218218,3237,70372846,18095580,6,15493279,586799,439505,7,493304,439508,15491355,36602,3241,49769052,0
33264,4082988,138,8126,35090587,3194479,6729,70171144,30843391,135,30909420,89639,61759,52,82186,61183,30908300,8689,7008,52694804,0
398408,5063309,5,28779,35161763,3177151,3406,60246393,15524436,4,15577373,581165,530546,6,587660,530567,15578738,35366,3400,42716280,0
432590,4366505,3,35715,35170582,3238293,2988,70398947,18133584,3,15472972,587901,467971,5,503647,468025,15474896,37295,2966,49828408,0
412229,4336785,4,30033,35169486,3242346,2916,65079399,16776000,4,15538320,597047,464289,5,503431,464687,15538321,40575,2914,46129974,0
427419,4326289,1,33569,35190484,3234134,3121,60313110,15495967,2,15477515,593739,466595,3,504167,466592,15477513,40421,3116,42360392,0
423414,4494015,1,33427,35163001,3208385,2541,69138247,17750066,2,15475242,594849,391089,2,507689,391057,15475243,39981,2597,48489317,0
454745,4344103,7,30503,35214883,3231776,3116,70324652,18106870,7,18220334,596225,458487,8,499814,458479,18220334,40134,3118,49841157,0
422503,4371887,5,33395,30174362,2762968,3042,60282473,15493690,5,15484262,505997,478576,8,507612,478898,15484262,34329,3038,42617457,0
5373,4172877,5,1329,35098677,3182770,294,70236302,30740743,5,30734711,229575,7505,3,214191,7553,30734711,767,259,52646521,0
418414,4291649,1,32636,35170828,4024015,2991,60305316,15517161,1,15504838,736155,449261,6,498436,448937,15506291,143505,2978,42579865,0
424134,4043098,2,33013,35152242,3204831,1703,70230413,18089217,2,15494564,595324,305989,3,453221,306002,15494563,39934,1684,49745797,0
411487,4342514,3,30123,35176058,3208414,3285,70341463,18059593,3,15539686,586324,472909,5,508050,472914,15539686,37081,3285,49432229,0
1198131,10873246,3,107354,28691746,4410602,3368,70197720,17878210,3,19812716,481313,1346522,0,592668,1346517,19812718,107574,3357,39675354,0
410586,4178663,6,30038,35201936,3222367,2337,60393216,15508679,5,15521804,589879,389768,3,479366,389707,15521805,38070,2399,42311585,0
453655,4381815,4,32740,35153252,3213413,3041,69841722,18027256,4,17373673,593967,488035,6,514573,488058,17373674,40039,3044,49702240,0
430919,4333295,7,34855,31399382,2852573,3374,70367105,18050459,7,15472547,524425,470358,9,506249,470685,15471114,35059,3376,49497724,0
432849,4321041,1,35229,35219660,3231188,3332,61105874,15748937,2,15489838,590590,455488,5,499601,455498,15489841,37459,3321,43374660,0
416354,4532784,4,32607,35180768,3224867,1087,70286445,18159286,4,15531127,592893,339582,4,507491,339594,15529680,40334,1027,50020842,0
425561,4344184,8,33884,35165130,3241463,3188,60282222,15513904,7,15474376,595482,471384,5,507465,471383,15474376,41140,3187,42526953,0
420907,4358529,2,32104,30156097,2761963,2887,60367137,15572851,1,15534536,507900,477494,2,509801,477148,15536403,35312,2898,42863801,0
365750,4307441,2,22316,35146776,3235916,3521,60282370,15529499,1,15742827,596904,456751,3,499375,456744,15741392,41216,3527,42653086,0
429688,4388502,6,35279,35201622,3203001,2745,62631920,16142350,6,15468559,591358,475648,5,507439,475674,15467168,38162,2740,44434687,0
418058,4173999,2,32497,35163463,3233402,2483,60984973,15683537,1,15513967,597261,385099,8,480340,384659,15511079,40685,2498,42877158,0
400002,4364014,2,27515,35151177,3199983,3156,60280428,15499474,1,15585787,592620,481590,4,511775,481241,15585788,39387,3153,42422900,0
414790,4868656,3,30894,35165975,3187498,3087,60301298,15537248,3,15533812,588908,509369,5,565226,509966,15532447,37017,3073,42725280,0
5567,1396770,3,1057,30088426,1232818,41,60306522,17294074,3,17291405,77961,7175,0,78176,7169,17291404,945,42,52380318,0
425669,4375659,2,34297,35151247,3230013,2894,67310085,17332716,1,15482311,588692,480287,7,511217,480263,15480868,37381,2900,47755467,0
410164,4366303,4,30215,35163492,3217186,2820,60256337,15512109,4,15544420,595778,478315,6,509070,478710,15545850,39499,2807,42632840,0
409236,4045559,2,30254,35175659,3252651,1605,60292306,15519855,2,15524759,594355,305184,5,454263,305205,15527636,39636,1558,42619593,0
448697,4068914,8,32253,35257956,3202189,2391,66336467,17172173,8,17036323,595470,323240,12,460708,323278,17036320,40003,2358,47466429,0
431198,4335123,5,35490,35171035,3211373,2987,70274897,18035424,4,15458001,593504,450002,5,497638,449272,15458003,38654,3009,49363179,0
430197,4293224,4,34868,30163245,2736252,3148,66332592,17083761,3,15438437,500592,448303,5,497287,448304,15438435,33133,3150,47056823,0
426587,4314223,2,33490,35147905,3236436,3138,64752954,16693279,3,15498162,595616,455920,4,500082,455863,15498162,40504,3160,45949722,0
413266,5040232,7,30380,35188883,3990207,3708,70330778,18206893,6,15554952,748370,547956,8,586958,548238,15556870,144366,3711,50312838,0
5008,1397789,4,946,30094075,1231882,192,62768769,18037289,4,17295081,78194,8316,1,78676,8360,17295081,900,166,54637692,0
414559,4387155,2,30164,35150938,3267803,2738,60353818,15530747,2,15536108,592056,478941,4,509572,478977,15536108,39494,2705,42582881,0
426005,4364394,4,33513,30147740,2759759,2899,64864006,16815674,4,15472054,507383,470340,7,507342,470318,15472055,34864,2931,46366549,0
409106,4367294,7,29826,35155000,3274784,3649,60281746,15513633,7,15525160,593307,483012,7,510811,482972,15525161,40990,3665,42521283,0
422554,4354370,5,33277,30189421,2779389,3267,60340896,15529772,5,15471024,510083,471532,4,506384,471539,15471024,36735,3274,42692134,0
420851,4218846,4,32747,35184464,3202595,2153,63751189,16416279,4,15486337,589522,406250,6,483534,406296,15486336,37721,2229,45065765,0
395691,4051354,2,27070,35155753,3232350,1903,60284669,15503882,3,15595208,594705,312525,5,456072,312561,15595206,39683,1879,42552596,0
409773,4052007,4,28859,30152683,2805843,1985,60256476,15527206,4,15550194,508622,319518,3,456076,319517,15550193,35754,2035,42683285,0
421270,4202960,7,32333,35201427,3273380,2631,64374821,16551581,7,15490850,597160,381467,7,475797,381451,15490849,41285,2626,45340314,0
424558,4328545,1,32932,30398643,2777228,2741,60253315,15510281,2,15490874,512456,461626,3,504320,461640,15490876,35352,2732,42593200,0
426004,4497752,6,34414,35197357,3220028,2150,60276423,15543671,6,15457347,593984,367026,6,506773,367396,15457348,39309,2129,42718994,0
412345,4499251,2,30271,35189348,3212144,3232,67745886,17490267,3,15544288,596484,474359,4,522075,474339,15544287,40803,3243,48196840,0
421012,4325290,2,32552,35159805,3208021,3295,63891736,16454176,2,15514401,595837,463829,6,502222,463844,15514401,40357,3293,45238641,0
423688,4353815,3,33613,35179378,3244762,3045,67677419,17383007,3,15456742,596237,467135,5,506476,467248,15456741,40830,3021,47584751,0
414169,4331270,1,30395,33806302,3081290,2797,70279154,18087028,2,15535357,558722,461706,4,501683,461623,15538225,33903,2798,49749722,0
483338,4431476,2,35024,35171962,3262193,2798,60311875,15529511,2,18062816,581370,479985,5,515429,480004,18062815,35737,2805,42555553,0
409670,4313425,2,29777,35164394,3200430,2902,66307567,17093304,2,15618258,590333,460172,7,501135,460141,15618260,38238,2902,47063735,0
416554,4388584,5,31460,35217504,3211730,3103,65357990,16848278,5,15493959,589211,479482,8,510820,479381,15493959,38408,3104,46261107,0
425871,4286725,7,33766,35185264,3283080,3337,62280879,16092717,6,15499289,589546,447659,3,498580,447581,15499288,38810,3336,44198495,0
417064,4362662,6,32494,35149568,3229302,3077,60290525,15528830,6,15468115,596629,471320,5,506598,471569,15468116,41223,3080,42661914,0
424650,4344594,2,33191,35219230,3980835,2847,60330243,15559000,1,15511924,715359,467419,4,505473,467721,15510704,135059,2853,42694168,0
971475,8198239,1,104022,32223323,5269634,4747,69855820,19669495,1,16758058,539785,2157337,1,511971,2157306,16758060,117252,4755,43410710,0
422356,4192605,2,32429,30485220,2780153,2495,67443348,17335358,3,15512664,515852,397567,1,482900,397549,15512662,36471,2505,47518443,0
414588,4396536,6,30387,35179418,3253542,3310,70362634,18167763,6,15533048,585919,482015,5,512193,482401,15533047,37030,3295,50125438,0
425178,4326900,7,33498,30177376,2731053,3258,70291904,18115277,7,15498336,504613,464354,6,505194,464738,15498334,33961,3246,49885642,0
5017,4164045,3,710,35093277,3193225,381,70172358,30650229,3,30657375,223346,8527,2,244856,8473,30657375,644,539,52509201,0
419200,5091100,5,31781,35180226,3266724,3591,60266588,15509226,4,15503638,596744,540068,6,590598,540064,15503638,41582,3589,42486731,0
424707,4352937,7,33760,35349737,4005445,2978,70305725,18135711,7,15505162,723834,473153,8,508026,473141,15505164,140272,2974,50067423,0
427091,4351926,3,34592,35176754,3127902,3166,60313170,15533269,4,15450429,579971,452899,3,497163,453128,15450427,34314,3176,42692790,0
414561,4162032,4,29954,35144492,3188163,3094,70294540,18079410,4,15535836,589441,377898,4,474988,377902,15535839,37701,3125,49612597,0
433733,4284798,4,35862,32832604,3001406,3582,60299162,15536379,5,15463930,546645,441566,5,494359,442056,15463930,34308,3557,42824722,0
428640,4333189,3,34537,32329692,2946902,3186,70289113,18068855,4,15471168,545630,458747,2,501922,458456,15471169,38052,3206,49564093,0
458305,4344612,5,31678,35198858,3248320,3032,62493088,16141910,5,17925787,588312,473512,7,507757,473108,17925786,37848,3067,44612678,0
404162,4042612,1,28688,35192170,3238845,1323,63218299,16210148,2,15562109,599723,306484,2,453100,306514,15564992,42625,1316,44376269,0
422199,5096336,4,32327,35130891,3189537,2949,70340243,18120402,4,15508552,591673,527629,6,585318,527627,15505386,40712,2953,49899525,0
424607,4344015,3,33790,35174035,3192595,2712,69209464,17787397,2,15478623,591427,460346,9,503370,460615,15478621,38598,2701,49032252,0
488861,4065725,6,37825,35148648,3209348,1980,60265260,15484071,6,18046942,593637,313018,8,454690,313028,18046941,40812,1962,42325593,0
486416,4320676,4,36341,35150845,3220106,2933,60307470,15536606,3,18052618,596214,457501,5,499304,457520,18052617,41253,2929,42626539,0
410999,4389975,2,29797,35149823,3221243,3012,60295435,15572643,2,15520849,597814,472752,6,505473,472785,15518921,41006,2998,42982316,0
418802,4071972,4,32948,35160238,3220772,1900,70267685,18125291,5,15461987,592001,319264,6,457311,319260,15461987,39053,1936,49977799,0
413334,4824429,8,30710,30237011,2739468,2362,60273539,15525026,8,15510688,507543,410420,5,545655,410476,15507880,34778,2406,42684884,0
426034,4534289,3,33265,35157915,3227697,2124,70368380,18120786,3,15508783,598980,359133,4,509105,358784,15511655,41911,2143,49720317,0
399738,4354679,4,27217,35178649,3224969,2703,70369488,18119878,5,15603999,597711,473563,3,507654,473550,15603999,41076,2693,49798728,0
410717,4367540,5,29871,35165101,3254692,3273,60330122,15547791,5,15539772,589441,475422,4,507569,475432,15539770,38342,3280,42742824,0
415989,4040537,5,30682,35174111,3239957,1724,61684441,15872117,5,15522250,592457,303718,6,452405,303688,15522251,41097,1697,43440260,0
405405,4316015,0,29873,35207405,3116592,2878,60264650,15544317,1,15571323,568540,458084,7,502789,457867,15571323,29060,2868,42826417,0
469173,4359313,73,33634,35367328,4053351,4038,68938840,17720299,73,18115848,753641,481184,47,511128,482107,18116580,153401,3825,48722340,0
407381,5047827,12,29877,35159734,3192292,3131,70382450,18125325,11,15543649,585255,522401,13,577889,522462,15543649,36194,3126,49886306,0
429177,4304574,3,34126,32072994,2933934,2808,60228772,15480885,3,15496883,544464,447012,2,500144,447063,15496885,38704,2804,42321971,0
1110941,7964110,5,122795,27601653,4480984,12205,13987566,3727689,5,19679503,464236,2127977,7,685423,2127994,19679504,97850,12194,8768352,0
421954,4541926,3,33106,35166194,3209030,3346,70342050,18094137,4,15507519,596050,478353,3,528957,478379,15510684,40268,3337,49677809,0
421733,4320181,6,32903,35163211,3246311,2774,70320227,18065214,5,15490248,587969,453357,5,498344,453316,15488320,37126,2800,49601427,0
412281,4335585,4,30882,35222129,3267881,3074,60284450,15544222,4,15512369,582473,462020,2,503518,462417,15512368,35790,3043,42879972,0
425446,4316932,5,33423,35165008,3204701,2262,60263307,15497882,4,15485431,596102,348668,6,488023,348683,15482547,40304,2246,42362330,0
476849,4368525,0,36204,35165017,3233894,2757,68270066,17561846,1,17711883,583506,481040,3,510861,481074,17711883,36049,2735,48206947,0
404526,4752793,6,28792,30281369,2768674,1860,60332607,15578019,6,15556788,511472,382756,6,540254,382756,15556789,36047,1907,42900749,0
424467,4348668,1,32636,35232354,3241214,3262,60277137,15488115,3,15522076,588296,476052,4,508216,476139,15522077,36673,3257,42479562,0
426579,4331802,2,33651,33502884,3091384,2793,60345229,15483338,2,15491720,561716,465822,2,505076,465793,15491721,37446,2791,42238352,0
497957,4063983,6,39325,35221172,3234900,2173,60369752,15516170,7,18064270,598547,319227,8,458342,319227,18064270,40850,2166,42426453,0
819335,7586702,3,89993,35066092,5717001,13618,69819515,19483254,3,14473571,592000,2215745,2,730253,2215699,14473572,123787,13621,43183190,0
488965,4325160,5,37608,35201213,3231046,3134,64097033,16471307,5,18035971,599350,455285,5,499132,455311,18035971,41577,3138,45093831,0
392392,4799231,5,27659,35165241,3231529,2738,60341366,15501121,5,15619930,589390,412300,2,546960,412275,15619929,37978,2753,42393825,0
970068,2498807,3,87854,33884762,5301688,3731,70080013,17947617,3,16123643,572144,320717,2,144457,320696,16123640,115552,3688,39823876,0
420779,4320081,6,32664,35262602,3217854,3281,60357480,15544879,6,15487636,575236,463778,6,501957,463414,15487635,32206,3287,42822904,0
458666,5099830,6,33101,35199045,3210290,3648,65315606,16874281,6,17182651,591252,551412,4,596510,551387,17182650,37625,3648,46504470,0
388306,4147395,4,26155,30204201,2790150,2619,70307883,18279792,4,15652441,511838,368204,5,472446,368229,15652441,37449,2613,50537562,0
418035,4147902,2,31914,35180719,3154124,2162,60325244,15535561,2,15493657,574289,332326,3,461297,332285,15493658,32277,2156,42720226,0
436624,4059478,0,31743,35272500,3205328,2091,60276503,15548963,0,16390103,595723,320504,2,458914,320527,16387326,40909,2089,42875322,0
484460,4628190,4,36086,35180187,3247220,2571,70308708,18067929,4,18072375,591106,448904,3,528347,448842,18072375,39905,2586,49486749,0
419646,4300207,4,32533,30157532,2782778,2943,70364310,18102982,4,15502701,507291,453266,7,500544,453295,15501265,34952,2948,49804418,0
410836,4319037,4,30060,35175101,3239967,3500,70308329,18133329,3,15499613,589044,461011,4,502336,461012,15499613,39489,3502,49846156,0
435831,4328443,4,32583,35155952,3177284,2745,63752768,16513587,4,16194894,581598,461205,5,502772,461223,16194895,34943,2751,45615514,0
426665,4045899,3,33069,35232886,3241452,2172,61151350,15738308,3,15482525,594393,308205,4,453829,308172,15482525,40412,2167,43186324,0
408181,4095832,2,29319,34898616,3193408,2323,60261901,15492225,3,15564977,592047,335719,6,463724,335736,15561541,40405,2310,42495493,0
409628,4314089,2,29790,35197872,3236556,3528,70339818,18156745,2,15520071,598750,462015,5,503015,461779,15520070,41645,3537,50017190,0
423388,4348217,1,34326,35182295,3880828,2893,60293433,15524299,2,15481029,692555,470309,3,506083,470322,15478144,125875,2909,42678712,0
5130,4183439,2,884,35094947,3196944,191,70174405,30831115,2,30794750,179201,8448,1,187442,8459,30794749,715,186,52793297,0
420200,4051555,5,32154,35182133,3187244,1731,70291481,18032388,5,15499213,590922,304895,7,451242,304873,15499215,38762,1664,49393093,0
413612,4361552,2,30700,35225436,3207202,2803,65683232,16895517,1,15526920,593857,455629,7,498310,455584,15526919,39190,2824,46466251,0
473638,4363631,4,33712,35190624,3216245,2935,66562856,17135834,3,18104378,595893,464282,5,504921,464285,18104375,40108,2934,47182839,0
413010,4721411,5,30122,30771021,2822161,1724,60250121,15471098,5,15534177,519310,363925,8,533468,363931,15534179,36717,1737,42285045,0
437824,4368449,2,34263,35180254,3205143,3091,69362797,17884368,2,16097783,594347,478681,3,510029,479042,16095821,39599,3078,49192751,0
428265,4066618,8,34162,35176794,3235097,3058,60256380,15489464,8,15472269,599023,319874,9,456288,319874,15472271,42259,3066,42428164,0
410600,4491064,5,29661,35173648,3262403,2923,60271222,15506169,5,15568225,592620,481861,7,520111,481766,15568227,39381,2929,42506538,0
1190051,8342175,14,109813,35131689,5462608,5378,70057627,18164232,14,19816420,593120,1043500,14,460920,1043532,19816419,121984,5330,40980873,0
411109,4374918,2,30354,35172012,3232063,2969,70396983,18158711,2,15543341,594888,482270,3,511838,482270,15543340,40303,2970,50072920,0
415258,4400310,1,30492,30161283,2747486,2846,65831622,16934022,0,15505352,507543,490635,2,513735,490670,15505352,35722,2840,46538099,0
487533,4382353,2,37975,35283511,4070523,2860,70324371,18253704,2,18023171,725456,474721,7,508071,474700,18021688,145714,2882,50461396,0
418435,4160600,8,31200,35158484,3220053,2389,60321917,15486861,8,15529342,596058,362206,7,469377,362606,15532230,40130,2386,42397926,0
451568,4259071,2,30916,30153628,2771258,2763,60345061,15467848,1,17620246,510195,432510,4,491337,432513,17620246,35686,2765,42291274,0
416326,4330069,6,31518,35156148,3167045,2794,60269772,15534001,6,15522666,591765,467497,6,504672,467521,15522668,36893,2797,42759524,0
1521564,4178320,64,173671,35213937,5304012,5297,70469913,17756172,65,19491606,598696,519305,48,233160,519713,19492372,136620,5157,39395673,0
111018,8185020,3,12941,28228470,4599833,12574,69882016,19522477,3,2039453,477704,2070100,0,566651,2070139,2039454,103837,12575,42840056,0
399510,4718651,3,27463,35168341,3228701,2031,60295298,15512540,3,15584915,581888,357828,3,529502,357764,15586826,34797,1996,42679427,0
420703,4309148,1,31836,35190075,3290462,3157,60259245,15487829,2,15518950,593378,460206,2,500961,460227,15518947,40730,3168,42461337,0
416800,4342116,2,31411,30137384,2796916,3082,61463375,15856217,2,15497030,504961,474694,2,507947,474708,15497029,35422,3074,43704388,0
406556,4365870,4,28431,35164239,3191310,2811,60313744,15671190,4,15555594,581441,477231,6,509191,477359,15555591,34206,2806,43354825,0
419983,4051965,10,31401,35155936,3220370,2306,60296252,15501403,10,15505992,595338,310496,8,454520,310882,15505990,40608,2253,42459059,0
456641,4043633,3,31646,35169870,3205920,1682,60241174,15504582,3,18161203,596591,309822,7,455802,309793,18161203,39756,1645,42497602,0
394417,4379847,6,27618,35168927,3202543,2652,60304781,15663344,5,15577081,572644,428936,7,501505,428936,15575172,32102,2664,43347460,0
428376,4317906,6,34165,30152323,2740057,2858,70318140,18079405,5,15469711,509537,443231,5,497311,442924,15469712,35407,2869,49595496,0
409446,4714067,7,30837,35176731,3204619,1851,68031587,17523350,7,15556657,594347,354362,7,526980,354353,15556657,39823,1811,48169494,0
452832,4388665,1,32242,35169240,3230902,3071,61336353,15763958,2,17501067,579821,483621,2,511230,483636,17501067,33702,3066,43102259,0
5025,4165589,3,819,35093074,3194736,22,70175846,30797767,3,30783058,209625,7077,2,217875,7081,30783059,685,21,52721171,0
420473,4428670,4,32694,35253879,4022191,3300,60287025,15521673,5,15518200,742137,480866,5,515708,480874,15520606,142638,3300,42537875,0
408638,4371009,4,29234,35265299,4031435,2878,60263071,15496140,4,15540113,749991,471929,5,507291,471919,15540114,146405,2863,42461667,0
458718,4402918,11,34896,35196360,3807834,3706,70346551,18406101,11,17104228,679801,487791,8,513097,487834,17105709,115788,3691,50892569,0
443554,4367021,16,31327,35187364,3970553,2792,60334794,15562881,17,17047643,738258,481827,14,510396,481890,17047644,142497,2794,42870495,0
408019,4188528,5,29471,30148059,2776958,1698,60272063,15554999,4,15578429,510535,318002,5,469741,318005,15581864,36703,1666,42839636,0
413879,4344183,2,31907,35175007,3209285,3016,60332093,15507891,2,15493132,586381,470438,5,506513,470508,15493134,37245,3003,42494732,0
477603,4340795,5,34568,35166004,3260879,2900,60292400,15559965,5,18112030,592913,468521,7,504178,468534,18110532,39907,2906,42912126,0
420646,4317387,1,33423,34183332,3183103,2795,60268292,15596048,2,15439409,564459,460308,5,502331,460313,15439410,34249,2787,43025984,0
418210,4319579,2,32075,32536299,2962808,2817,60297665,15479187,1,15496414,548704,461581,2,503736,461558,15496412,37786,2815,42280150,0
451570,4047761,4,32179,31187996,2819329,1732,61438377,15808336,4,17088210,525311,305187,4,453171,305224,17088212,34742,1718,43327355,0
407416,4233407,9,29601,30160979,2786064,1480,60303010,15500809,9,15539488,506507,319752,8,474500,319746,15539484,35230,1488,42462169,0
419549,4323234,6,32094,35174991,3249504,3535,60271168,15543386,7,15515202,593569,469695,5,504788,469734,15517083,38598,3535,42757691,0
404980,4158118,1,28400,35190863,3211058,2198,70330900,18110075,2,15571016,595232,371394,0,474091,371445,15571016,39405,2192,49734216,0
632103,9185968,4,58737,9461712,1323825,4914,70111871,17791426,4,10428259,188197,1128599,0,503511,1128608,10428258,63634,4929,39287416,0
417524,4251007,3,32089,35210196,3219769,2757,70371493,18128538,3,15491642,594561,427832,7,490093,427827,15491642,39625,2777,49837074,0
472748,4041376,4,34421,35191248,3233785,1890,70018926,18041344,4,18108158,594782,305662,6,453541,305638,18108157,39757,1882,49656832,0
425281,4315844,8,33540,35180456,3155358,2942,60367636,15572375,8,15478417,581670,461762,8,501984,461739,15478416,34915,2950,42898131,0
421399,4360448,17,33058,35165241,3245943,2929,70359546,18167981,17,15500639,593186,472849,11,506943,472842,15502030,40645,2927,50136626,0
465821,4141235,4,36134,35182297,3231445,2474,70351126,18107962,4,17218593,592511,365236,7,471678,365718,17218594,39322,2441,49685467,0
427492,4321700,3,34094,32355812,2964892,3328,70309212,18090020,3,15506960,539873,462981,6,502960,463026,15505049,34993,3320,49622648,0
419285,4357091,7,32377,30196754,2765834,2812,60314026,15553136,7,15494031,506056,473716,7,508390,473732,15494030,35111,2808,42844695,0
417574,4395163,1,31698,35165787,3225509,3193,60368677,15527144,2,15482646,596206,487162,2,513552,487132,15480726,41622,3208,42690070,0
426595,4345732,9,34870,35164599,3203496,3106,70325532,18122807,9,15457726,597108,462103,10,503319,462400,15456353,40769,3114,49945181,0
4828,1402039,26,821,30088384,1231484,3224,51405444,14657535,26,17295767,77933,24587,37,80576,24537,17295767,897,3263,44333147,0
421324,4356629,6,33259,35176371,4039962,3151,60346306,15563738,7,15492218,755009,471591,7,504668,471626,15492219,147415,3143,42901219,0
1703329,8212855,0,168861,25854734,4183928,8766,42721548,11808246,0,19822199,437354,2124167,0,526571,2124158,19822200,94601,8790,28982708,0
415858,4365180,7,31026,35204442,3196541,3199,60297678,15584692,7,15512658,588313,474203,7,507103,474577,15512655,36755,3177,42957975,0
430512,4066538,6,35370,35161632,3237889,2108,60254677,15546997,6,15475782,600158,327684,8,460479,327697,15475782,41633,2143,42871740,0
427116,4321231,3,34721,32592185,2983652,2726,60267500,15484416,4,15456474,542908,453333,4,501331,453338,15456475,34732,2715,42510585,0
424053,4366471,4,34067,35189789,3221244,3322,70294891,18121171,3,15468163,597917,470790,5,505595,471231,15468164,40814,3289,49922720,0
465535,4661192,7,32436,35010099,3249876,3743,60397671,15613567,7,18115626,586923,370322,8,525253,370295,18115627,38505,3747,43173458,0
9037,4167042,10,1602,35110286,3185115,2144,70177212,30526286,10,30614635,244786,18535,24,246524,18513,30614635,1740,2154,52334294,0
461885,4045761,3,34470,35173521,3224986,2069,70357903,18050062,3,17354156,594893,314737,7,454927,314767,17354156,41201,2080,49399554,0
409016,4291565,1,28890,35182079,3231112,2834,60284270,15579316,2,15552625,599076,450303,2,499049,450325,15552625,41986,2832,42949166,0
429301,4042678,8,35062,35182420,3231194,1817,60375432,15571742,8,15474474,594059,308695,7,453176,308678,15474474,39417,1810,42796563,0
33721,1483735,134,8420,30084482,1274986,8258,67658553,19132558,130,16995431,89141,65942,51,88054,65384,16994349,9105,8563,57669459,0
480142,4275167,5,35569,35163994,3229097,3265,60269836,15488379,5,18074001,596107,440647,5,496050,440644,18074001,41733,3279,42283971,0
473645,4359165,8,36529,35139289,3224933,3015,70346117,18153862,8,17596788,594064,450576,11,499060,450552,17596786,38743,3015,49959956,0
407151,4338313,3,29840,35167897,3260945,3136,70273829,18092400,4,15585144,591738,470213,6,505351,470104,15585146,39287,3149,49607233,0
5021,4159917,2,729,35101883,3186291,1489,70173110,30712375,2,30723106,225017,7537,1,233038,7593,30723106,2145,1367,52588008,0
420194,4358112,3,32361,35147927,3196104,2971,60271605,15547125,3,15496217,591281,478348,4,509943,478328,15496216,39917,2975,42858361,0
423003,4359883,2,33600,30189566,2808192,3044,69720860,18010347,2,15465188,504931,467364,2,503311,467736,15465186,34604,3028,49638341,0
432843,4325965,2,34032,35184696,3191589,2893,62011630,16000816,2,15856586,588466,463761,5,504145,463771,15858509,37322,2888,44070555,0
415082,4346893,2,30197,35158778,3182443,2988,60293017,15515569,2,15541956,591386,467814,5,505218,467833,15541955,38985,2988,42739929,0
413227,4972871,4,30817,35251479,3234776,3791,60870428,15679422,4,15499042,599884,536695,5,578521,536736,15499042,42947,3787,43106745,0
7093,4126395,50,1650,35245248,3233512,2783,70417073,30451647,53,30503438,274842,14584,37,284014,14969,30504207,1676,2543,52260386,0
404194,4249131,1,28403,32832896,3014111,2902,60254605,15484541,1,15558017,550633,421987,6,489376,421982,15558018,37557,2913,42397196,0
481160,4352773,2,36037,35161839,3216144,2795,70333345,18097008,3,18028551,594753,454042,4,499929,454031,18028552,40591,2805,49682218,0
426976,4350289,5,33645,35190804,3235440,2825,60254100,15477737,5,15487702,599028,450635,9,498912,450781,15487702,42526,2817,42434903,0
427536,4368635,0,32058,35161287,3208057,3296,68875998,17797239,1,15994573,585294,478051,3,508578,478046,15994574,36781,3320,49137692,0
415174,4379317,9,30596,35186484,3227701,2649,64509214,16587254,8,15530043,589701,487809,6,512357,488237,15530047,37483,2640,45476602,0
5434,4172790,3,1176,35093236,3186270,15,70275882,30896159,3,30837941,198711,7062,2,186904,7055,30837940,689,16,52897743,0
420260,4381797,5,33042,35184123,3232947,2831,60303768,15533333,4,15512227,591133,479147,6,510357,479110,15512228,38928,2841,42604531,0
414601,4382733,3,29844,35167830,3187828,2836,60310613,15592756,4,15550914,592457,482983,6,511154,482702,15550913,37851,2837,42968114,0
420600,4369309,2,32869,35158094,3187857,3448,70362239,18146548,2,15479564,588103,469624,4,504947,469625,15479565,37813,3448,49909585,0
421854,4350530,2,32504,31860989,2887672,3062,60267129,15494313,2,15467880,536049,467711,2,504447,467716,15466015,36075,3052,42438406,0
429077,4347336,9,34182,30145411,2706687,3051,60283947,15508499,8,15426236,501083,468163,9,505753,468140,15424326,31674,3055,42507334,0
430499,4387099,3,35460,35242633,4096360,2954,69995959,18174329,3,15457323,766618,481376,8,511797,481378,15457325,151812,2955,50212315,0
432131,4374560,8,35409,35149899,3257613,2714,67134785,17308252,7,15497721,596485,448318,6,496983,447883,15497721,40630,2734,47606182,0
6996,1402405,52,1765,30226367,1234960,2061,70415539,20176469,56,17303731,79446,12140,35,79463,12525,17304463,1820,1775,61117924,0
422435,4372971,3,32810,35164088,3535312,2776,60286992,15518632,2,15488516,662820,479813,5,509813,479770,15487086,87449,2779,42740465,0
411749,4323709,1,29742,35149744,3221675,2729,60309013,15484312,2,15543245,597971,458126,3,502704,458073,15543243,40716,2731,42268782,0
430138,4206638,2,35489,35185147,3201060,2532,62060336,16027400,2,15480157,593052,385503,7,478239,385886,15480157,40116,2529,44099177,0
415620,4323331,5,31229,35192320,3217693,2924,70344363,18101850,4,15496329,594172,463535,5,504406,463544,15496329,39876,2909,49716101,0
413358,4370507,6,30843,35165790,4044923,2793,70293815,18185234,7,15522960,751873,467009,7,503643,466906,15521527,150239,2783,50110019,0
458834,3538916,1,32097,31641912,2878684,2999,60290204,15533301,2,18184407,534491,340706,5,396563,340736,18184409,36944,2992,42747052,0
5102,4171207,4,691,35092995,3186656,27,70202021,30791309,4,30791077,217303,7065,2,210345,7064,30791078,704,26,52726933,0
422392,4369886,6,32901,35226665,4058269,2961,60360765,15636347,6,15473224,757242,477864,13,508844,477668,15473222,152623,2990,43205612,0
428250,4352453,4,34370,35159738,3258488,3006,70327200,18058520,5,15465318,594820,471530,5,505888,471529,15465320,39768,3010,49298291,0
4910,1396951,3,901,30088911,1231830,83,60162118,17290871,3,17295420,77991,7259,0,78294,7280,17295421,838,80,52377004,0
394324,4120851,6,28966,34668289,3189060,1747,70306635,18223375,7,15593864,589125,358300,5,468313,357889,15595312,40307,1861,50247643,0
421494,4041125,3,32187,35213998,3241629,1710,69488003,17859793,3,15516700,596369,303201,5,451036,303250,15516701,40232,1666,49169919,0
493200,4320625,4,39421,35164976,3168425,3077,70337091,18189417,4,18031418,588374,462396,4,503835,462398,18031418,36995,3065,50218979,0
419537,4302739,5,32049,35167984,3228936,2814,70338997,18073547,6,15510371,592323,453231,8,498674,453245,15510371,38432,2801,49578036,0
414390,4841633,7,30690,35158301,3256733,2671,60367311,15503035,7,15518380,592118,420162,5,547786,419760,15518379,39369,2730,42405214,0
4899,1626268,1,843,30087714,1232076,44,60160327,17290195,1,17295688,78374,7235,0,90868,7228,17295688,1099,45,52374856,0
392424,4332304,3,26517,35156563,3210697,1356,60287125,15539432,3,15610259,595303,326837,4,485732,326864,15610260,40502,1351,42678673,0
413782,4076920,4,30499,35174170,3198994,2493,60326943,15548404,5,15529840,587515,321531,6,458763,321570,15529838,37422,2496,42752868,0
970513,7913585,162,107499,35096166,5594413,12454,69121545,18957714,160,16866051,587028,2145337,98,641004,2144453,16864969,125534,12815,46532001,0
425882,4354082,5,33447,35206626,3177135,2825,70345322,18084686,5,15487033,587855,472224,4,506925,472223,15488477,37189,2821,49460492,0
416411,4275869,4,31453,35210749,3212993,2531,60279182,15447906,3,15536060,597731,426240,5,492443,426213,15535960,39942,2540,42245966,0
425767,4375589,6,33378,35416555,4078004,2938,70310786,18212781,6,15487800,763891,478809,6,508181,478825,15487798,153128,2934,50246140,0
422434,4341553,4,32967,35167254,3220771,2615,63427754,16316103,3,15481981,597606,467741,4,505875,467734,15481980,41092,2611,44702509,0
425326,4203885,6,33625,35155470,3212255,2757,60624526,15554881,6,15496603,596863,403206,6,483686,402748,15496602,39984,2780,42436560,0
425049,4376496,5,34056,34694166,3207317,2744,60263912,15533332,5,15465711,580592,477432,6,509730,477032,15465711,36603,2727,42712283,0
1564479,10574428,152,185679,35047010,5035540,10037,70067796,17856951,150,19038527,628034,1371921,79,586897,1371332,19037410,168395,10392,40555925,0
425216,4375115,2,33150,30148380,2723072,3289,62692777,16092234,3,15491879,501234,466002,3,502249,465949,15491877,31283,3296,44055147,0
370399,4290513,3,24316,35193999,3238330,2934,60358459,15553400,2,15687992,584276,446328,4,497947,445934,15687993,36071,2961,42837541,0
428271,4317679,5,34319,35176517,3207641,3159,63090978,16222161,5,15516763,592693,460774,4,502386,460423,15514853,39214,3158,44658448,0
424479,4312699,5,33427,35159541,3231349,3055,70396420,18198638,5,15489008,594308,456795,4,500483,457045,15490442,40048,3053,50151980,0
429576,4332922,6,34547,35150970,3209674,2771,60286459,15550726,6,15476056,589957,458960,6,503028,458963,15476055,38250,2781,42791335,0
409770,4069844,1,29559,35168850,3245864,1881,60260514,15467702,2,15564874,592235,312417,4,454053,312378,15564874,39563,1912,42364448,0
465932,4336643,9,32359,35153249,3233839,3101,60263963,15551501,9,18178109,593885,467632,11,504689,467295,18178111,39883,3086,42797820,0
416002,4326398,1,30694,35178405,3233430,3327,65103436,16768939,1,15528734,592951,466426,1,503881,466379,15528732,38527,3337,46045844,0
406650,4162334,3,28840,34028341,3112963,2709,69260152,17887610,3,15489271,574435,379532,7,476969,379541,15489270,39999,2695,49287609,0
418448,7528057,71,49029,35258998,5685419,12128,64821045,18039959,73,7375391,594941,2251779,55,684323,2252477,7376122,126575,11938,44367339,0
1631571,8455000,0,166000,22703966,3686041,1808,69479079,19582225,0,19718610,384102,2139664,0,498898,2139685,19718609,82817,1787,44130338,0
413257,4335014,4,30851,35173950,3229764,3479,70271595,18096073,3,15517852,592700,469817,6,505912,469393,15517854,38483,3483,49800562,0
413846,4397531,5,30420,35152341,3238202,2990,60264148,15515896,5,15531740,600324,488029,6,514640,488084,15531741,41981,2986,42566825,0
420347,4361541,8,32940,35155329,3218349,3296,68002161,17517899,7,15488584,593893,477804,12,508865,477774,15486704,39719,3299,48187373,0
405796,4330356,5,28723,35175762,3221017,2907,67086105,17249882,4,15571689,578923,438817,6,495877,438882,15571690,34896,2885,47345240,0
442049,4371522,6,33345,35184169,3944887,3434,70299983,18042599,6,16426791,736402,474063,6,508337,474022,16426792,137836,3430,49269992,0
5020,4168984,3,719,35121107,3192491,230,70171798,30726741,3,30696293,218302,7224,1,220098,7257,30696293,921,203,52617415,0
417492,4711453,6,31792,35201734,3211969,1820,68710496,17618712,7,15509386,593866,357057,5,529375,357054,15509397,38893,1811,48221668,0
402863,4337874,1,28558,35244889,3231353,3295,64469868,16599496,0,15579078,597157,473616,3,506715,473601,15579078,40822,3291,45781369,0
