5141,3633224,0,830,35093057,3424869,13,70175027,36756608,0,36760904,57713,7256,0,57586,7271,36760903,766,13,60693949,1
481331,5113241,3,39909,35185903,3186005,2854,70253074,18070859,3,18108477,591784,531226,1,594870,531168,18108478,39825,2863,49470717,1
4927,1548175,2,813,35093054,1375706,89,70208814,20279368,2,20284803,98366,9041,0,94314,8999,20284802,841,89,60969037,1
434532,5108800,2,35814,35178851,3181520,3443,70279115,18111974,2,16289837,592272,532512,2,595418,532431,16289837,50708,3435,49716363,1
474797,5112417,1,38395,35168535,3193154,2933,70415526,18147828,1,18099055,594715,529510,1,596961,529791,18099054,38842,2928,49798772,1
5055,3662141,6,806,35092917,3423401,12530,70175823,36756000,8,36762431,58243,60525,3,73547,60501,36762430,921,12721,60693381,1
478842,5093327,0,38341,35173041,3179840,3972,70316598,18089630,0,18121567,591646,529059,0,590964,528786,18121568,37603,3970,49563344,1
473786,4574416,9,37585,35157780,3227114,3083,70320397,18060284,9,18125773,598585,478480,4,532089,478745,18125772,41392,3053,49396710,1
474552,4400195,3,39207,35159344,3220946,3596,70409668,18079490,3,18077850,598556,474411,2,512679,474753,18077849,39953,3585,49527033,1
1336332,9595397,8,126781,135349,9350,4149,203152,30714,8,19272714,2387,1285239,13,541825,1285239,19272717,745,4146,65796,1
482181,4356096,1,39589,35158911,3210727,3455,70262387,18046528,1,18131904,594572,454211,0,503959,454517,18131902,39968,3459,49392549,1
473815,5093188,1,37777,35155675,3229081,3002,70311676,18085303,1,18107549,596929,527883,0,592008,528112,18107549,40471,3016,49626355,1
477397,4742360,0,39573,35207236,3182640,1606,70360909,18126820,0,18104101,592168,333647,2,524189,333643,18104103,35759,1549,49803691,1
5234,1545947,1,1311,35093607,1377590,28,70172297,20265100,2,20278251,90190,7442,1,98651,7432,20278251,1103,29,60912775,1
5017,3633897,0,799,35093222,3422526,172,70174627,36745771,0,36765236,57468,8097,0,57765,8103,36765236,714,170,60676723,1
473997,4322126,1,38190,35180575,3221923,2675,70318432,18099323,1,18105590,597821,430831,0,499570,431049,18105589,40153,2682,49638808,1
5647,3633007,0,876,35186156,3422390,30,70172157,36758338,0,36768075,58060,7228,0,57880,7225,36768075,1654,30,60696217,1
4956,3633274,14,712,35093148,3424593,68,70172089,36760227,13,36763886,57334,7408,18,57809,7431,36763885,774,68,60699304,1
687308,3463992,3,66366,674296,146412,3315,16593013,4497147,3,10054489,11047,460798,0,197615,460848,10054489,2013,3389,11198344,1
471327,4970366,0,36727,35202074,3222913,3249,70328355,18070740,0,18137642,595157,517242,1,577536,516855,18135679,40727,3246,49530675,1
480379,5095387,3,39611,35199613,3213516,3453,70397653,18111338,3,18067253,595666,524405,1,592300,524406,18067256,39199,3461,49680049,1
484491,5121347,3,39571,35193416,3237982,3446,70315777,18094250,3,18075484,598530,533418,1,597935,533752,18078535,40852,3442,49667829,1
480479,4739327,7,40423,35168980,3225665,1724,70289597,18111623,7,18106482,596544,337853,2,526506,337817,18106482,40622,1746,49672659,1
475091,5073489,4,38084,35203379,3210834,2842,70302747,18136035,4,18099874,596474,512575,2,587629,512577,18099873,41035,2830,49789681,1
5725,3632745,0,1054,35092999,3422291,20,70172262,36745518,0,36765989,57988,7203,1,57808,7224,36765988,759,24,60678792,1
470688,4281910,2,37178,35173622,3209043,2409,70303538,18121103,2,18133962,593764,418710,0,493995,418674,18133962,38632,2461,49630610,1
1340643,9975104,3,119887,2626405,454875,4830,889475,168214,3,19335632,43810,1327573,0,552742,1327564,19335633,7798,4787,367554,1
476966,5112574,0,39288,35184642,3220918,3371,70403153,18160175,0,18060091,596117,531848,0,594970,531843,18060088,40941,3356,49762333,1
5013,3632755,0,744,35094232,3419627,17,70172992,36759439,0,36765282,58449,7122,1,57621,7091,36765282,1838,18,60696574,1
5728,1546105,2,1073,35092927,1376886,38,70171155,20280615,3,20279418,89719,7732,2,98559,7759,20279418,812,39,60968771,1
478672,4738366,0,40092,35164700,3216726,1886,70340446,18101231,0,18040703,594584,335515,1,525839,335483,18040704,39870,1876,49657051,1
4977,1549432,3,866,35092744,1375652,323,70171283,20275246,3,20279403,98352,10289,2,90359,10254,20279402,844,325,60948080,1
491661,10796140,1090,44378,959684,181572,3370,47199313,12928661,1084,7227208,16494,1436901,1012,596387,1436940,7227209,4582,3367,32191197,1
1342136,9932652,4,120788,22810625,3725981,4825,3727109,1023910,4,19358457,383869,1328415,1,553423,1328400,19358457,71215,4820,2560747,1
5876,3632542,14,1095,35092784,3422259,12,70203153,36728147,12,36751076,57751,7367,13,58178,7408,36751076,735,11,60652270,1
5001,3633065,0,819,35109765,3426050,20,70172805,36756890,0,36762655,58325,7237,0,58021,7243,36762656,920,18,60695437,1
479015,1566245,3,38531,31384166,2875464,4283,2931175,657644,3,18133486,531761,173279,1,182345,173672,18135463,36872,4268,1757428,1
485861,5085804,1,40061,35218884,3243273,17201,70391193,18106070,1,18117254,599292,569559,0,592281,569536,18117255,41049,17225,49542511,1
1299360,8793309,0,138160,19723855,3246557,5297,52435442,15087503,0,19413237,336781,1030399,0,485014,1030437,19416290,72963,5311,37163544,1
479556,4366971,3,39822,35230336,3199934,2869,70363662,18099568,3,18085248,593480,453454,0,505008,453806,18085236,38913,2867,49448686,1
575969,6914548,0,63348,2381021,346092,4772,43004178,12361377,0,8645416,38631,820974,0,385717,820994,8645417,8938,4827,30436995,1
477326,5099224,1,39489,35143031,3234942,3168,70343133,18125893,1,18115814,600048,526444,1,591726,526395,18117781,41055,3176,49818150,1
483668,4947133,1,40532,35172630,3241136,2726,70311821,18099618,1,18077863,601262,452014,3,567081,452031,18077863,41672,2744,49430117,1
476478,4081263,3,39304,35196998,3231328,1901,70346838,18073911,3,18094764,593138,304129,1,457086,304145,18094765,38950,1904,49491788,1
1221204,7662380,1,122416,25019561,4113852,4141,10202189,2726639,1,18206459,427888,903661,2,423537,904105,18206461,92945,4158,6576891,1
5014,3633438,7,787,35092662,3422865,369,70175836,36760125,7,36762579,57556,8625,5,57786,8589,36762579,742,367,60698840,1
476431,4952650,1,38754,35150476,3201726,2410,70371962,18102560,1,18104781,595040,450017,1,567657,450002,18106743,39415,2410,49625764,1
479073,5120873,4,40107,35202972,3103762,3358,70323138,18136434,4,18085915,569201,535840,0,596306,536172,18085915,28915,3367,49753420,1
474920,5103292,4,38758,35176530,3192317,3301,70266664,18040805,4,18084902,592366,525960,3,593145,525991,18084903,39184,3304,49448286,1
466856,5084587,2,38997,35167250,3186611,3060,70313183,18091755,2,17512544,593677,518389,2,589480,518044,17509493,37982,3058,49563126,1
478131,5107030,4,39471,35194154,3220823,2913,70356335,18058724,4,18094487,596475,528833,2,593500,528844,18094486,39226,2906,49477021,1
1065829,250098,68,107020,8066469,1298688,2429,2491253,581723,68,15932938,140981,35547,61,22584,35618,15932939,29159,2458,1284391,1
469794,4996788,1,38025,35209800,3213545,3210,70322217,18092187,1,18135547,597239,521974,2,581842,521999,18135548,39192,3199,49529936,1
5253,1546633,3,1314,35093550,1376975,66,70172003,20279950,3,20282781,89764,7481,0,94423,7479,20282780,896,66,60968675,1
472048,4359441,2,37927,35154749,3235314,2896,70367080,18098050,2,18105433,597964,456880,1,504184,456872,18103989,40890,2885,49538202,1
477435,5102906,3,38585,35198741,3207209,3186,70306880,18084523,3,18139250,595632,527876,6,594176,527865,18137766,39331,3175,49594532,1
1336810,10757901,9,117007,21363778,3545132,3260,29403014,8017051,10,19424769,362510,1424735,23,602848,1424748,19424769,61272,3265,19977860,1
474978,5119619,0,38751,35182188,3219414,3446,70259297,18109617,0,18065417,597146,534278,0,597052,534268,18065420,40960,3450,49539783,1
5061,1547314,3,812,35092952,1375788,30,70170808,20278155,2,20281352,97957,7425,2,89970,7440,20281352,807,27,60962033,1
1292732,5812566,1,135289,34572620,5724151,3843,54946725,15698904,1,19413741,589695,663346,0,317059,663369,19413741,130853,3887,38575037,1
475470,4374816,9,38420,35184943,3221859,2855,70383346,18088428,9,18101189,597376,462230,3,507819,462241,18101187,39672,2856,49516190,1
6944,3648837,110,1642,35255141,3423604,3041,70419420,36764507,111,36767519,59465,15696,98,61516,16120,36768254,2047,2790,60714366,1
5300,3632967,0,1235,35094866,3424045,17,70171644,36759100,0,36756111,58417,7338,0,58121,7412,36756112,1122,15,60697504,1
29060,9189471,6,4101,35063486,5840930,5297,7012763,1869471,6,655499,590586,1232240,5,510331,1232254,655499,104744,5290,4642972,1
946150,2942908,71,87519,16871692,2796245,5060,22665174,6240493,70,13764276,287408,400199,58,173172,400192,13764276,52849,5046,15568157,1
5332,1548664,3,1305,30092195,1181238,438,70199256,20264997,3,20263376,85233,8664,2,91918,8686,20263376,1519,424,60913396,1
473643,4861427,2,38309,35246052,3223822,3138,70300277,18083324,2,18099632,598804,496771,2,562250,496385,18099632,40429,3134,49402574,1
5867,1547278,3,1037,30087856,1181565,25,70171420,20280125,3,20280487,77205,7531,1,89959,7553,20280487,755,26,60969301,1
475391,4375211,1,38789,35191179,3158822,3641,70389172,18092700,1,18113363,587540,462553,3,507902,462564,18113363,48536,3643,49570945,1
6991,1556903,44,1743,30227075,1184267,2349,70421659,20243365,46,20292625,83128,14529,36,95390,14949,20293391,1692,2081,60718300,1
472466,4809406,2,38624,35164091,3210050,2267,70287765,18019806,2,18056446,594059,386159,2,543762,385766,18056444,39048,2331,49398312,1
480474,4743141,1,39781,35187049,3215659,1643,70317817,18121807,1,18127047,597484,334626,2,525899,334654,18127048,38736,1592,49695805,1
5130,3633687,0,759,35124100,3398713,12,70209519,36764390,0,36764237,72772,7265,0,57712,7251,36764238,10596,12,60712986,1
477014,4744371,1,39278,35200779,3217057,1305,70260596,18078508,1,18106128,596140,333742,4,525574,333762,18106126,38497,1285,49492377,1
473012,4366290,4,37947,35161237,3204675,2820,70378083,18122607,4,18122339,595274,456522,1,508163,456575,18122339,39544,2805,49710544,1
590670,10899651,0,61400,34725063,5768042,3440,2260130,498707,0,9075550,594634,1272950,0,591412,1272952,9075551,128562,3450,1089215,1
475233,4516929,5,38129,35183804,3180195,3394,70309204,18055741,5,18113614,590575,471124,3,523526,471044,18113612,49300,3401,49494142,1
4945,1547496,4,830,35093353,1376969,43,70170990,20266611,3,20285248,89709,7612,4,90096,7634,20285249,768,37,60917288,1
479245,5117330,14,39077,35212852,3230609,3889,70336985,18058199,14,18119512,596383,536294,2,597900,536310,18119514,40895,3898,49451919,1
416574,5131227,1,34631,35170799,3216743,3318,70453626,18088311,1,15550987,596331,534881,0,597354,534939,15550988,38704,3301,49442367,1
475436,4993909,6,39412,35157497,3272366,2703,70338687,18110327,6,18073175,596371,469151,4,573773,469171,18073175,40251,2711,49521938,1
5106,3633932,0,931,35092717,3422360,72,70171347,36758458,0,36762190,57722,7868,1,58451,7858,36762191,748,74,60695470,1
477462,5107593,0,38256,35196690,3213615,3376,70348027,18123159,0,18105428,596495,530304,1,594258,530460,18105428,39410,3374,49660257,1
5023,3633099,51,724,35093200,3423497,20,70171072,36758135,51,36764132,57721,7285,49,57887,7279,36764132,909,22,60696095,1
4976,3632687,5,777,35092885,3422401,37,70171094,36757045,6,36762350,57564,7187,1,57838,7191,36762351,778,33,60692760,1
5555,3633007,7,852,35093352,3422354,252,70171158,36759663,7,36768948,57375,10074,7,58259,10060,36768948,768,250,60696668,1
479687,4390417,4,38569,35196750,3179936,2987,70334458,17634865,4,18104993,591057,464440,2,510495,464820,18104993,37820,2955,48281024,1
5073,3633199,990,817,35093389,3422612,103,70171839,36758728,984,36763930,57559,7360,1001,58048,7391,36763929,813,93,60695841,1
477027,5103762,2,38394,35157465,3190983,2885,70385620,18100686,2,18104579,594294,525737,3,593588,525740,18104579,39418,2894,49535785,1
4914,3632514,0,802,35093607,3425573,23,70171307,36759079,0,36763895,57730,7361,0,58045,7410,36763895,842,16,60695944,1
480017,4622683,3,39583,35165282,3226905,3371,70295689,18056231,3,18116681,597350,484405,2,535376,484119,18116684,40049,3385,49540231,1
476750,4468699,10,38994,35181189,3226327,3070,70289017,18085321,10,18136738,596192,467270,3,518275,467669,18136740,39998,3064,49554261,1
484144,4806233,2,40190,35144920,3244154,2258,70349182,18129177,2,18107602,594547,375426,1,540040,375425,18107601,39936,2310,49719399,1
5684,1547344,2,920,35112329,1376896,39,70171040,20265653,2,20285830,95637,7502,2,90026,7507,20285829,873,34,60915509,1
1293504,2377180,0,137038,34723950,5759904,4022,58347661,16798533,0,19424773,591602,286915,0,138306,286906,19424773,128810,3987,41341741,1
1343521,8521729,36,121440,12501179,2069918,6229,12953541,3593500,42,19412304,213745,1149901,52,481910,1149855,19412301,38385,6251,9005560,1
479639,4698585,2,39066,35161872,3236287,10458,70331156,17695748,2,18124079,598196,545310,1,538316,545250,18124080,40281,10486,48428451,1
411214,4742611,0,34626,35158979,3201574,1464,70354123,18136429,0,15537169,594428,333425,0,523917,333464,15537170,38965,1408,49600651,1
479588,4659379,3,40384,35234962,3249749,3273,70277121,18093260,3,18081156,603351,489084,0,541362,489078,18081157,41962,3271,49596553,1
5000,1548823,2,838,35093026,1376939,36,70170187,20277904,2,20282487,89669,8886,2,90615,8824,20282487,809,37,60962827,1
476882,5107246,1,38403,35162103,3223244,2948,70269185,18110694,1,18112615,596977,523585,1,593261,523646,18109605,41422,2936,49625822,1
475917,4397145,3,38753,35156582,3197387,2978,70335120,18090116,3,18106804,592577,468816,3,511440,468772,18106804,38227,2978,49686118,1
472185,4869056,12,37601,35165289,3183398,2737,70362280,18129846,12,18122409,593861,512462,6,568508,512139,18122409,38297,2721,49613106,1
470019,4741374,3,37023,35213004,3228350,1985,70338257,18120499,3,18121146,595331,334516,2,526218,334527,18121146,39274,1944,49576539,1
481883,5151461,4,39790,35173552,3226435,3013,70353906,18128709,4,18047773,598331,543244,1,600235,543125,18047774,40939,3111,49666453,1
928267,2981210,0,98808,21989593,3622463,4369,69611161,20074564,0,13846362,376882,352936,0,168931,352953,13843328,81611,4407,49436335,1
465927,4398474,4,36165,35175224,3198217,3417,70370236,18100678,4,18142532,593593,469821,3,511257,469799,18142530,39888,3416,49549627,1
475178,5118179,1,38829,35151627,3216113,3147,70375222,18092031,1,18083108,596365,529087,1,595048,529105,18083108,39732,3140,49514881,1
4966,1548581,3,920,35093337,1375551,157,70171143,20280784,3,20277249,98382,8311,1,90195,8298,20277249,901,157,60969447,1
474673,4225732,4,39472,35166271,3193885,1731,70365194,18082521,4,18030821,591308,298866,2,468634,298884,18030821,37445,1686,49615543,1
418827,4745920,1,35856,35215080,3213771,1636,70465396,18126941,1,15528803,594111,335316,1,526264,335321,15526345,38435,1636,49671072,1
478056,4871045,1,39022,35163755,3231124,2966,70245394,18061179,1,18107988,597777,497482,1,566048,497441,18107986,40353,2970,49462569,1
477274,5117261,3,38656,35207190,3216174,3171,70261519,18067434,3,18118387,595911,530602,2,595563,530022,18118386,40381,3190,49445321,1
478259,4552122,0,39016,35205084,3207634,3392,70346428,18089627,0,18121799,594864,485403,1,528933,485373,18121802,39194,3395,49529259,1
475561,5127849,2,38441,35247612,3192412,3296,70295978,18082947,2,18114302,593864,536545,2,597560,536503,18114304,50351,3313,49475321,1
478194,5020842,3,39435,35221616,3245463,3566,70319173,18102962,3,18090180,600611,525035,2,585773,524956,18090178,40837,3555,49649395,1
1001647,9216056,7,93542,16079215,2673011,17639,50754882,14576700,9,14919808,278769,1111753,10,518305,1111744,14919809,54899,17636,35851472,1
476841,4737228,0,37927,35172605,3228625,2397,70274238,18059121,0,18140001,597400,341461,0,526355,341468,18139997,39717,2388,49486982,1
11011,221120,22,2549,35093221,1376927,3744,7863785,2136308,21,1976363,89659,22673,35,15816,22624,1976360,852,3828,6335552,1
473961,4770810,1,37980,35184117,3194100,2725,70279673,18090122,1,18111425,592106,358049,1,533789,358065,18111423,38037,2717,49602588,1
480541,5122786,0,39827,35168203,3169184,3033,70221461,18103114,0,18113366,592239,532437,1,596742,532812,18111405,37759,3027,49775418,1
479413,5120573,0,39243,35148256,3210801,3586,70323782,18092122,0,18096714,596172,534220,1,598525,534250,18096714,39250,3585,49725111,1
479379,4768079,3,38978,35178450,3211638,3896,70388466,18127142,3,18081031,596848,364558,1,535091,364551,18081030,38906,3895,49664210,1
5836,1547350,3,1010,30088251,1181559,25,70179291,20262964,3,20279725,77619,7413,1,89952,7426,20279725,786,25,60908669,1
5024,3633245,0,759,35099426,3421301,1603,70172472,36757445,0,36763641,58727,7916,0,58618,7930,36763642,1923,1426,60694903,1
480811,5120483,6,39849,35210379,3167293,3229,70346521,18113938,6,18093047,589521,532928,3,594790,532755,18093047,48013,3225,49525972,1
4959,1547348,3,830,35093622,1377830,29,70171018,20263626,2,20284117,89841,7420,2,90283,7431,20284118,1248,31,60905222,1
5175,3632826,2,921,35108029,3423062,1620,70171150,36740699,2,36762958,58165,8206,1,58721,8228,36762958,911,1465,60667425,1
6301,3633017,2,932,35120085,3415698,409,70213717,35657153,2,36772051,188583,9135,3,58085,9074,36772053,82075,404,59202838,1
487096,4389609,3,48934,35201778,3199609,3536,70369531,18148073,3,17671257,594288,469199,2,510194,469219,17671255,39221,3542,49852539,1
473630,4992101,2,37999,35252864,3227985,3016,70344187,18064607,2,18131401,597643,518990,1,581283,518941,18131403,41733,3015,49497013,1
6198,1547484,3,1539,35093856,1376970,31,70172790,20280251,3,20277406,90017,7598,2,90016,7600,20277405,911,36,60967722,1
1329122,8332371,164,122952,35061030,5600239,13396,46183047,12603656,162,19010805,608607,1164837,83,471815,1164241,19009723,113647,13758,31479552,1
496559,4757692,1,50114,35192728,3217210,2354,70305389,18124765,1,17691866,596108,349956,1,532276,349961,17691864,39789,2353,49717188,1
415990,5122108,3,34782,35173783,3210024,3590,70355262,18136078,3,15538189,594388,533843,2,596806,533849,15538188,39588,3589,49700257,1
726291,10733282,3,64791,354421,39407,3111,37767332,10375606,3,10669505,6389,1441253,1,598160,1441235,10669506,1350,3127,25860214,1
476614,5102220,0,38819,35182307,3232215,3716,70315579,18088119,0,18100614,599478,530588,2,596116,530838,18100616,41023,3711,49686289,1
476892,4994028,5,38126,35145632,3264615,3784,70317654,18114623,5,18135648,594844,490894,1,576520,490899,18135644,40318,3806,49604247,1
488942,4302478,148,45234,35075129,3218954,23935,70151571,17792641,145,17832990,593143,528733,78,493481,528149,17829405,50629,24311,48596180,1
474963,4630125,5,37821,35182498,3209730,2980,70305715,18095768,5,18120128,596447,487661,2,539192,487672,18118153,39291,2975,49596966,1
478610,4933706,3,40249,35202814,3241405,2768,70327762,18119167,3,18077981,598922,446658,1,564345,446620,18077981,40565,2777,49646925,1
473536,5129461,11,38052,35176235,3236308,2869,70335714,18096793,11,18132187,596872,532919,4,600212,533465,18132186,41106,2856,49490978,1
478003,5118799,5,38375,35206063,3199317,3266,70342332,18099595,5,18093976,594828,528038,1,595727,528266,18095920,38555,3277,49562407,1
479998,4753356,7,38858,35191025,3173659,1868,70358488,18100530,7,18120181,589571,342403,2,528035,342338,18120182,48006,1910,49554321,1
483937,4847204,2,39863,35165882,3226736,2384,70261776,18044029,2,18127286,598010,393676,3,547276,393643,18127285,40400,2457,49335238,1
482963,4379958,2,40338,35173629,3240358,2811,70409432,18141269,2,18090495,600627,462602,0,510470,462597,18090493,41313,2812,49761532,1
1307806,10828551,151,128288,35029816,5706400,10267,50075897,13976276,149,19410676,594050,1307591,85,592810,1306963,19409556,129571,10637,34209641,1
475542,5122896,0,38189,35167630,3215371,3256,70345839,17659185,0,18109555,596303,533306,0,595667,533337,18109552,39930,3229,48298774,1
5072,3632728,15,813,35093582,3422545,16,70172006,36736046,15,36763142,57375,7080,11,57852,7089,36763142,736,19,60665529,1
483410,4401992,3,40151,35170227,3230986,3076,70289689,18073104,3,18105101,598335,469404,2,511300,469082,18107076,40553,3076,49462927,1
4990,1546311,2,942,30089741,1180576,66,70174784,20280177,2,20282061,84059,7466,1,98758,7488,20282061,927,56,60967485,1
474451,5114884,5,38173,35177677,3229010,2884,70338548,18077994,5,18094922,599070,528385,3,596845,528379,18094924,40418,2889,49536606,1
477403,5122176,2,39574,35174813,3210674,2916,70350414,18094137,2,18076103,595029,531931,0,595893,531567,18076105,40441,2907,49500495,1
1011232,9657282,0,97161,32768621,5512262,5535,52963927,15231821,0,15190114,558325,1157444,0,532464,1157451,15190113,114698,5531,37471033,1
474540,4422642,2,38662,35145729,3231522,3162,70395370,18131395,2,18112840,598128,475146,2,514488,475116,18112838,40792,3157,49595777,1
480378,4472790,0,40324,35188599,3203860,2708,70323872,18060104,0,18124254,596028,475299,0,521571,475286,18126311,39104,2694,49383834,1
477567,4683894,3,39576,35117311,3230405,2897,70311202,18105877,3,18058864,597708,481880,1,544372,481889,18058862,42671,2899,49672723,1
412282,4141375,0,34133,35184092,3236477,2083,70351835,18131907,0,15529703,599661,327447,0,464691,327437,15529704,41054,2065,49603440,1
416748,5106053,1,35489,35193278,3245767,3608,70287067,18086757,1,15493110,600873,531900,2,595488,531805,15493110,42481,3627,49521450,1
481183,4948471,1,39748,35184888,3213277,3008,70352682,18079582,1,18094424,595524,454362,2,569328,453904,18094422,39154,3087,49488348,1
488339,5076949,5,49073,35160284,3226844,2713,70388994,18128238,5,17684948,597601,519463,1,588018,519443,17687980,40565,2720,49603333,1
404542,3051700,6,38697,127267,8553,3456,355052,63603,6,6100109,2158,388335,5,171497,388346,6100109,681,3454,160438,1
7380,3657390,0,1615,35094525,3421644,13325,70172461,36759084,0,36705091,58016,60789,0,73535,60761,36705092,982,13492,60695988,1
472915,4501351,2,39257,35160210,3217118,2371,70275255,18063829,2,17749133,596771,421315,0,516155,421718,17749133,39339,2353,49331254,1
470710,5096440,1,37333,35167176,3198022,4118,70358140,18128719,1,18114282,587563,530188,2,592023,530167,18114285,36389,4118,49716519,1
476261,5099375,6,39063,35260120,3225822,3544,70374984,17727408,6,18101241,599175,528885,3,593799,528851,18101243,40856,3552,48497231,1
483753,4376002,2,40505,35162424,3208814,3313,70269220,18038600,2,18085101,596003,459522,1,507089,459148,18085101,39375,3325,49394419,1
1333120,1672751,2,117014,19167198,3200855,3431,35989294,9912951,2,19481563,321348,217286,0,99129,217286,19481561,57565,3472,24740108,1
477729,4649545,3,38850,35164075,3233861,2568,70365836,18117501,3,18104564,595174,346156,0,520924,346153,18102554,39920,2542,49578929,1
468782,5133660,1,36955,35209043,3223963,2872,70374046,18121852,1,18123887,598196,536806,2,599912,536859,18125847,40611,2869,49605182,1
480356,4718602,0,39434,35178560,3200936,2829,70498178,18117860,0,18072709,592544,491869,0,548572,491920,18072709,38309,2812,49597858,1
5073,3633111,0,836,35094033,3423738,6,70173107,36727192,0,36763910,57480,7235,0,57670,7200,36763909,786,7,60653441,1
33582,3644718,133,8563,36428612,3491507,6988,70173043,35879884,130,35867737,85139,62856,47,66684,62238,35866651,18373,7279,59460609,1
474200,5115911,1,37808,35184338,3238163,3100,70313470,18120753,1,18158328,600758,529516,1,596167,529515,18158325,41676,3099,49623867,1
477020,5002160,0,39503,35159633,3205901,3075,70349082,18100090,0,18076516,596281,484553,0,577623,484572,18076516,38952,3076,49580205,1
479726,5111806,2,39171,35161150,3227617,3344,70311483,18100231,2,18104245,596817,530289,1,595441,530291,18104245,40451,3342,49537539,1
477108,4920446,6,38559,35178157,3202036,2996,70289712,18081892,6,18126593,593451,429092,1,559534,429111,18126593,38767,2979,49674227,1
477134,4348013,2,38915,35156978,3190190,1866,70298977,18098290,2,18077309,592051,310326,1,483072,310332,18077306,37991,1827,49555926,1
1103902,7916736,0,114511,22932084,3841260,4558,69353208,20030435,0,16314141,392765,939687,0,437113,939662,16317173,82198,4505,49333763,1
1097286,9488417,4,98951,33915848,5649344,5046,30209857,8478880,4,16003421,571730,1259466,2,530398,1259453,16003421,106105,5002,21223204,1
5175,1546097,2,1253,35092870,1376429,20,70170558,20278526,3,20283812,98400,7325,1,97280,7331,20283812,1324,21,60962179,1
474452,5120888,0,39584,35183580,3216889,2838,70276217,18125068,0,18104845,596501,529376,0,595792,529863,18104846,39583,2827,49565320,1
1311373,10812731,2,130596,5856143,979563,4539,31796577,8973684,2,19709344,100654,1280045,4,594386,1280007,19706292,21358,4549,21978656,1
476432,5033502,0,38371,35185929,3195768,3631,70321610,18114995,0,18144061,594028,525585,1,585592,525399,18142072,39005,3658,49619594,1
4973,1547390,4,829,34383941,1347233,16,70171089,20279581,4,20285734,94207,7289,1,89952,7313,20285733,786,16,60963428,1
473716,4867259,1,38321,35120736,3219771,2695,70308182,18072729,1,18126352,595913,406436,2,550250,406483,18126352,39453,2667,49505580,1
477956,5100531,5,38691,35202345,3195744,3185,70340878,18085830,5,18091204,593601,521232,2,590405,521214,18091203,38673,3191,49666688,1
475976,5109779,1,38654,35211811,3218466,3385,70331178,18119744,1,18097257,597868,525085,1,594912,525360,18097258,39962,3375,49766189,1
466478,5122070,4,37004,35163016,3237142,2968,70295818,18121878,4,18113476,598693,529164,1,596126,528660,18113477,39917,2975,49724899,1
5019,1547130,9,799,30311491,1189910,367,70172382,20280627,8,20285329,81149,8678,1,98847,8634,20285330,771,370,60969140,1
180281,3460840,0,19356,34879365,5791089,4138,69397657,20016244,0,2908109,593479,416012,1,196908,416063,2908111,129199,4172,49271941,1
478727,4124636,2,39368,35167557,3212409,1935,70426431,18129070,2,18076736,594194,305892,0,460092,305908,18076735,38897,1918,49665759,1
473683,4681659,4,38292,35135827,3241017,1882,70364904,18124236,4,18126342,598308,332202,2,520904,332221,18127840,41270,1873,49519547,1
423285,4629218,0,36972,35168546,3221535,2827,70293408,18090628,0,15550600,595537,371123,1,521353,371093,15553058,39598,2885,49583028,1
476886,4867417,4,38861,35205741,3222081,3109,70394053,18084865,4,18099519,598462,508628,1,566428,508574,18099519,39621,3119,49479566,1
5810,3634328,0,959,35092852,3422478,121,70171884,36751585,0,36755088,57497,8236,1,58144,8232,36755087,747,120,60688834,1
4994,3631775,0,800,35093541,3423130,569,70171354,36757667,0,36764077,57439,10084,0,57944,10023,36764077,1255,572,60696143,1
4979,1547559,3,870,30344476,1191279,42,70278619,20271669,3,20285221,79899,7792,1,90067,7801,20285221,748,41,60938737,1
473681,5095947,4,39266,35167036,3202822,3741,70284943,18113691,4,18066926,593737,530069,1,591653,530044,18066927,39450,3739,49731711,1
476310,5071673,0,38165,35165346,3243347,3396,70396786,18122871,0,18115224,602936,528558,0,591531,528835,18115223,41525,3391,49641426,1
479679,4763165,3,39538,35148368,3192350,1901,70286867,18138200,3,18093908,592297,348529,1,530235,348503,18093907,37320,1951,49836833,1
469999,4686668,3,38622,35157191,3207027,3479,70332942,18086526,3,18077313,596204,486103,2,542653,486105,18077313,40561,3485,49682898,1
473094,5118258,3,37567,35180537,3210409,3092,70288212,18067757,3,18107713,598324,530671,2,594137,530665,18107713,41295,3107,49425543,1
478621,5084627,2,39976,35196564,3225486,2918,70292957,18124850,2,18086298,596255,517323,1,589050,517323,18086298,40299,2918,49811526,1
4940,1548358,2,824,35120023,1377675,204,70225103,20284808,2,20285365,89898,9311,1,90513,9357,20285364,876,208,60975547,1
480809,5104746,7,40354,35139436,3205858,3860,70384611,18125537,7,18052297,594773,528336,2,593867,528413,18052296,38503,3871,49610415,1
6267,3632180,2,1715,35092977,3422389,131,70181569,36696444,2,36718466,57521,8772,0,58381,8784,36718469,741,129,60599077,1
474326,4376991,1,37587,35162439,3220861,3326,70381535,18118245,1,18136554,593824,462455,1,509703,462480,18136555,40225,3334,49709720,1
477973,4368959,4,38326,35184925,3235545,2954,70248957,17635696,4,18122878,599507,456904,2,507080,456893,18122877,42497,2941,48111425,1
426252,4735949,0,36066,35192782,3244880,1079,70321968,18107468,0,15752846,597079,331352,0,526296,331372,15752845,39502,1091,49547440,1
475751,5123775,1,38976,35167579,3206598,2965,70298265,18066902,1,18111021,595581,527825,1,595675,527512,18111023,39610,2984,49387433,1
477566,4893928,1,38917,35144149,3207422,3269,70395071,18142029,1,18091145,593234,431059,0,557790,431093,18091145,38191,3300,49756600,1
475418,4865485,0,37460,35156191,3208896,2878,70282992,18072521,0,18147165,596048,511682,1,568493,511949,18147167,39883,2854,49557451,1
481984,4498174,1,40185,35183004,3221357,2179,70309961,18121559,1,18113160,596719,317136,1,500491,317135,18115133,40631,2132,49726923,1
471389,5129501,4,38157,35161495,3215681,3161,70352286,18180779,4,18099287,595889,535041,1,596878,535040,18099285,40235,3156,50153831,1
1310697,10601488,26,139902,13473942,2205449,4655,69331303,19956443,26,19260569,233098,1234094,33,583528,1234122,19260568,49709,4643,49119776,1
5107,3631776,0,811,35093192,3422628,913,70172452,36749630,0,36763359,57481,15505,1,60154,15482,36763360,1236,950,60682843,1
460413,4745991,4,36461,35210123,3210909,2799,70400282,18132217,4,18120670,595860,496382,2,553542,496392,18120672,39793,2796,49633154,1
435386,5110909,2,36601,35182134,3219751,3499,70335220,18100631,2,16140808,598022,532265,1,593644,531872,16140808,40271,3520,49568815,1
429691,4687655,2,35865,35199789,3235394,3094,70391679,18119931,2,16160068,594469,491617,0,545187,491661,16160069,39065,3073,49686669,1
5081,3635551,0,851,35092965,3425023,17,70172276,36741228,0,36767327,56463,7184,0,56699,7234,36767327,753,17,60676583,1
34474,3633901,0,10892,35096695,3425318,42,70180418,36757082,0,35673912,57753,7277,0,58021,7307,35673910,775,42,60696663,1
4992,1547552,2,860,35092861,1376170,1268,70208324,20279034,2,20285271,93927,7653,2,90149,7657,20285271,799,1145,60955280,1
476683,4401260,4,39377,35177884,3206221,2686,70298159,18136982,4,18082709,598044,468690,2,513244,468278,18082711,39192,2688,49719732,1
475117,5107968,5,38612,35173519,3228747,3584,70349452,18066504,5,18105315,598020,531975,2,595886,531984,18105316,40515,3579,49558652,1
6920,3633430,0,1746,35093189,3426087,19,70171862,36758292,0,36719288,57701,7492,0,57956,7550,36719288,769,19,60697240,1
477317,5119382,2,39407,35168956,3217591,2934,70318445,18118092,2,18083199,599493,529893,1,593752,529898,18083198,39640,2923,49623513,1
1240569,10042289,2,109228,23049276,3849806,5319,26872389,7330828,2,18015545,386272,1331396,0,555407,1331408,18015546,70356,5313,18242030,1
33531,1634283,139,8494,30082769,1223856,7548,70173207,19967970,137,19951196,94360,65422,42,101551,64852,19950079,8549,7831,59861028,1
5003,3631267,78,778,35092881,3422357,830,70171667,36757752,84,36762225,57718,11683,88,58943,11650,36762224,778,826,60694392,1
668599,5087232,2,112042,35179054,3211356,3125,70311955,18102688,2,16586594,596280,523420,1,590811,523408,16584521,39760,3128,49574568,1
479109,4517888,3,39669,35204940,3239142,3644,70282401,18069503,3,18115151,601044,483898,0,525640,483677,18115151,40965,3639,49483461,1
470233,5115210,3,38215,35218285,3230143,3163,70372722,18111109,3,18114572,598323,532676,2,595080,532401,18114573,39968,3179,49636358,1
475971,5123774,0,38217,35120679,3224188,3997,70378051,17677679,0,18101527,597234,538347,0,599599,538336,18101527,41617,3989,48305654,1
546935,5408015,0,54379,30908142,5111780,4141,39599655,11305977,1,8207857,531733,636374,1,298894,636336,8207859,109884,4147,27761878,1
481852,4383438,1,39874,35184137,3227354,3006,70290403,18111373,1,18100004,599240,460728,1,509891,460948,18100006,40302,3013,49579949,1
478611,4387979,1,39492,35211228,3208683,3357,70297793,18109141,1,18080864,595810,463892,1,508883,463567,18080862,40391,3342,49639463,1
5375,3633798,0,1254,35094128,3423627,18,70170817,36761267,0,36757143,57101,7671,0,57421,7668,36757142,845,15,60700814,1
479940,5125354,0,39132,35209393,3231059,2979,70337166,18101020,0,18100770,597998,537314,1,597905,537303,18100771,40640,2983,49494027,1
485312,4748612,0,47183,35220053,3204257,1951,70333635,18150600,0,17713679,597124,339915,2,527369,339911,17713678,39294,1895,49911471,1
5024,3634387,0,880,35094185,3422653,151,70211069,35699740,0,36765775,57578,8140,0,57757,8198,36765775,817,151,59272115,1
5038,1547977,2,915,35096102,1376949,67,70171057,20276645,2,20285377,89781,8706,1,91661,8690,20285378,885,68,60952401,1
477804,4878731,1,38900,35154401,3220692,2358,70347214,18067735,1,18101973,596723,408520,1,551580,408488,18101973,39357,2426,49379057,1
797958,1831103,16,76658,35069662,5831525,3449,69619411,19989464,16,12004710,604359,219714,11,110745,219658,12004709,122048,3429,49175630,1
480826,5102358,4,39450,35217457,3181258,3372,70301661,18111851,4,18110606,592929,525737,0,593217,525731,18110607,38335,3375,49609709,1
1336810,10566371,5,121881,9780903,1664513,4507,339384,56445,5,19477948,166591,1406755,2,595152,1406776,19477947,30282,4508,127355,1
480552,5114872,1,39499,35160917,3219234,3359,70306314,18085908,1,18079895,596984,533441,0,594679,533457,18081858,41987,3365,49491017,1
479321,4938256,2,38845,35200376,3202468,2865,70381404,18139634,2,18084705,595099,516405,3,572296,516761,18081648,39192,2864,49712826,1
475579,5117238,5,38306,35196216,3204453,3285,70398762,17814619,5,18143747,595106,530072,3,595428,530099,18141685,40710,3247,49012382,1
5017,3633163,0,712,35093639,3422502,6,70172652,36759405,0,36764438,57428,7102,0,57775,7083,36764438,1296,6,60698061,1
475670,5120536,3,39029,35170007,3218329,2837,70378788,18067555,3,18130389,597090,529040,2,595441,529038,18130387,39983,2833,49441058,1
475278,5120243,0,39094,35182403,3211194,3096,70287077,18090534,0,18073351,595567,530331,0,596758,530311,18076599,39472,3080,49465666,1
473357,4404889,2,38313,35175643,3199700,4204,70333738,18124980,2,18114121,595504,476401,3,514253,476786,18114121,40859,4197,49656773,1
476149,4425054,5,38165,35152202,3219633,2245,70330153,18085355,5,18101230,594601,324149,1,493038,324153,18104265,40569,2204,49504654,1
5016,3633679,0,758,35093223,3424168,362,70211637,36764723,0,36764768,57880,7651,0,57634,7661,36764767,1032,330,60707157,1
474477,5107817,0,37684,35146347,3222740,3153,70247648,18043007,0,18121823,597483,526383,0,593588,526388,18119855,40054,3143,49425906,1
472942,4773958,1,39014,35169751,3219996,3204,70403561,18130607,1,18095921,595272,496423,2,555027,496408,18095922,39876,3187,49617049,1
478556,5121696,2,38745,35174281,3221900,3583,70354556,18096099,2,18129346,596856,532360,1,593770,531983,18129346,40315,3580,49653411,1
479888,4600208,1,39790,35188744,3221779,3341,70302579,18068926,1,18063140,597700,486278,1,534817,486042,18063139,40638,3345,49438223,1
479512,4765711,4,39472,35180310,3223366,2855,70321333,18095766,4,18106071,595099,504950,2,556927,504945,18105112,38833,2850,49665729,1
244492,10906201,0,26525,34689724,5741311,3025,38668167,10907879,0,3829328,597041,1280793,0,593053,1280765,3829328,128900,3038,26723773,1
476882,5120687,1,39272,35197534,3237119,2851,70288318,18095329,1,18092900,600401,531995,1,596588,531762,18090876,40607,2856,49458806,1
1045828,6408541,0,108017,23747449,3906138,4581,64712890,18571354,0,15039103,406099,766862,1,358645,766843,15039104,88752,4538,45717408,1
474338,5110041,2,37975,35158329,3211290,2936,70375537,18079598,2,18138659,595353,529039,2,594866,528857,18138658,39371,2942,49555383,1
479728,5090975,2,38819,35211819,3223530,17359,70366516,18087159,2,18105504,598104,567566,1,591088,567858,18105505,40099,17379,49580099,1
473709,4737592,5,38288,35166826,3194220,1934,70312156,18137019,5,18119791,594152,335477,3,525821,335514,18119792,37151,1894,49791499,1
476589,5000255,1,39252,35173247,3215864,2462,70418610,18123191,1,18085449,596150,482244,1,576601,482219,18083473,39784,2498,49658952,1
481178,4387209,5,40113,35160649,3181264,3678,70320706,18108537,5,18075063,591185,465579,2,509447,465531,18075063,49636,3691,49586921,1
475448,4456616,3,38128,35168267,3194496,2921,70265035,18091012,3,18115857,593494,471353,2,518886,471342,18115858,39887,2925,49545400,1
415416,5098967,2,34735,35163973,3224166,2818,70356257,18120430,2,15531403,594683,523957,1,593993,523907,15531404,39318,2838,49731644,1
473701,4783535,4,37649,35177432,3055955,3232,70313223,18102169,4,18142725,572793,501319,1,557246,500919,18142725,30193,3240,49668872,1
462421,4368898,0,37716,35202464,3247681,3330,70312931,18104350,0,17408105,592193,461163,1,508350,461412,17408103,38807,3334,49491153,1
6955,3633234,0,1844,35093347,3425125,29,70172143,36757697,0,36710544,57960,7272,0,58000,7283,36710543,705,27,60695672,1
476314,4826235,0,39269,35173406,3211466,2109,70269833,18077919,0,18098384,590971,388267,1,543173,388266,18096427,49141,2138,49513418,1
477523,5120670,4,38467,35151325,3205888,2936,70302850,18107932,4,18128394,595458,533741,2,595632,533881,18128393,39351,2938,49595270,1
471360,5129708,0,37807,35180455,3239023,2998,70275356,18091767,0,18110146,600102,537289,2,597370,537243,18110146,40345,2998,49712284,1
477927,5125429,3,38316,35203398,3227104,2863,70254127,18089255,3,18130398,597816,531895,0,595200,531838,18130399,39994,2844,49535519,1
418401,4311964,1,34915,35156489,3223056,1962,70398767,18138357,1,15881727,596779,306576,1,479065,306614,15881726,39538,1941,49754575,1
1228171,10074983,5,115371,20485292,3412415,4468,3255569,415597,5,17902411,344022,1353071,2,566700,1353032,17902411,62871,4470,1057655,1
1202662,8456274,57,110523,35214175,5764400,7658,36081870,9853748,58,17418378,594308,1138322,50,471353,1138728,17419111,102967,7460,24452349,1
474434,4772006,2,37830,35223880,3210783,1678,70314142,18120729,2,18122162,594246,334005,1,524335,334023,18120196,39045,1653,49626104,1
473770,5120925,2,37736,35156823,3252269,3920,70318651,18127294,2,18110958,600174,539121,1,596560,539085,18107934,41975,3924,49822526,1
480857,4441366,0,39756,35173693,3228478,1784,70301028,18066529,0,18115653,597031,313531,0,492827,313561,18115652,39806,1745,49409252,1
6707,3632658,0,1331,35102160,3424251,12,70170236,36758902,0,36744512,58447,7205,0,57521,7162,36744510,1077,12,60695704,1
474917,5341763,1,38185,35159229,3219702,16478,70340647,18077347,1,18094322,597904,601793,1,620669,601793,18094323,41116,16514,49462046,1
475792,4750670,5,38849,35184555,3178872,1739,70295105,18075431,5,18085547,589847,334224,1,525725,334297,18087032,37204,1679,49507550,1
472382,4913103,0,38214,35201094,3204927,3079,70328041,18147611,0,17920914,588177,435571,0,560766,435644,17920916,36370,3062,49819806,1
477095,4742117,0,38313,35152505,3242263,1729,70299926,18122948,0,18104991,596990,336323,0,525355,336336,18104988,39978,1684,49674385,1
475630,5106073,1,38675,35189120,3199720,3748,70336226,18099440,1,18058429,592594,532213,1,595335,532554,18058431,38980,3744,49615913,1
489935,5105070,0,48290,35163439,3208081,2998,70313466,18107464,0,17702049,596492,524102,0,591593,524103,17702045,39705,2991,49624550,1
489418,5109075,1,48313,35260275,3254529,3437,70337884,18095971,1,17685103,602434,529137,2,592620,529514,17685102,42077,3437,49610234,1
415382,5077247,4,34272,35179403,3237422,3157,70416591,18100137,4,15514763,595913,517992,2,588921,517907,15514762,39235,3184,49560579,1
477720,4196555,3,38882,35157421,3262392,2340,70351054,18104650,3,18114651,592730,359279,1,474378,359317,18114650,38449,2314,49578641,1
1307923,10871595,53,126040,35296441,5800407,5356,69610529,20082382,53,19518886,603742,1282611,44,596395,1283072,19519656,130616,5147,49456190,1
5166,1546027,3,1304,35147714,1377544,23,70171965,20280326,3,20282935,89950,7428,3,98586,7431,20282935,1348,22,60968161,1
1322215,10809142,5,128043,21511407,3596339,3620,68073373,19584530,6,19546445,371771,1277744,4,594080,1277768,19546443,77577,3623,48233166,1
468454,4744522,3,38064,35165092,3189364,1477,70350332,18216955,3,17765185,593661,335351,2,524959,335381,17765184,49960,1474,50174489,1
475930,5070766,2,38231,35206111,3236761,2949,70382000,18107246,2,18132241,598261,512488,0,588656,512487,18129208,42020,2960,49604787,1
477518,5094579,4,39492,35158771,3190487,2993,70344466,18099859,4,18085764,594958,524418,1,593847,524398,18088774,39238,2991,49613482,1
1105568,7942699,2,96895,2267641,396233,4826,1406284,324184,2,16036580,40107,1056188,2,446983,1056201,16036578,6620,4814,764133,1
1304064,9890621,7,133204,34616115,5731313,5652,63250308,18299533,7,19495906,591177,1164191,6,541784,1164182,19495905,128462,5654,45077897,1
464765,4810616,5,38461,35142288,3222435,2809,70332425,18107546,5,17389062,596886,500246,1,561528,500278,17389063,39911,2810,49711095,1
480399,5099658,4,39048,35157053,3212030,3096,70368542,18080907,4,18109139,593829,525172,3,593252,525175,18109137,39121,3092,49427716,1
167823,8489926,0,19255,26412254,4375138,6901,37113223,10524811,0,2624673,455168,1019157,0,471338,1019181,2624673,93788,6907,25868856,1
475611,4573072,1,38602,35202923,3214983,2809,70379027,18082344,1,18100348,596638,485367,2,533243,485430,18100346,39251,2807,49574413,1
475885,4393103,1,38959,35198933,3214838,3679,70305208,18049533,1,18085089,596742,468934,1,512376,468671,18085090,39065,3691,49495338,1
5025,3634430,1,744,35092307,3428814,512,70209892,36761049,1,36761114,57946,8836,1,58685,8860,36761114,761,515,60705309,1
474914,5116363,4,39170,35160609,3213087,3367,70305549,18101436,4,18098118,595568,533755,1,596080,533771,18098119,40149,3375,49463159,1
477859,4737835,4,39068,35167067,3226439,2740,70414683,18122823,4,18111433,597092,335006,2,523992,334998,18111434,39963,2779,49511060,1
478483,5120516,0,38817,35155321,3214884,3309,70324802,18057906,0,18084018,595489,533053,0,597802,533059,18087042,38624,3314,49316912,1
474774,5109802,3,38486,35165513,3199434,2947,70286878,18070820,3,18085838,592817,529137,3,594574,529166,18085839,39198,2949,49518916,1
5253,1548606,3,1297,34634724,1360397,145,70174112,20279718,3,20281665,88897,8268,2,90131,8256,20281666,1467,145,60968168,1
476047,4401464,1,39172,35173821,3218113,3028,70341023,18081717,1,18055318,595958,470967,1,511618,470943,18056762,39956,3018,49483378,1
1310115,9171785,0,132733,28499154,4695723,4671,61065507,17576340,0,19623050,491501,1078296,1,504046,1078313,19623048,106996,4671,43258251,1
5833,1547483,0,1107,35094473,1375613,14,70171500,20280564,0,20283466,98481,7435,2,89962,7442,20283466,879,13,60968733,1
474400,5089431,3,38503,35163548,3181069,3784,70328151,18117659,3,18113717,591268,526755,4,593975,526860,18113715,38797,3678,49838874,1
4976,1547540,2,848,35092971,1377846,466,70172708,20274818,2,20283099,89808,8211,1,98911,8215,20283100,1346,453,60949513,1
4970,3632932,0,758,35093216,3422551,10,70305469,36752883,0,36764070,57359,7224,0,57784,7239,36764072,784,9,60686032,1
475509,5119351,2,39583,35193305,3209025,3144,70311430,18083184,2,18065594,596892,534504,0,597456,534543,18065594,39225,3137,49501604,1
477639,5035656,1,39591,35172416,3212826,3797,70301427,18085866,1,18098925,597553,526296,1,586430,526311,18098924,39301,3820,49449401,1
476428,5124714,5,38864,35205369,3221857,3290,70286249,18134606,5,18089975,597772,533609,0,595721,534039,18089975,40253,3302,49711431,1
5342,3632860,0,1298,35163285,3425471,79,70357994,36754672,0,36744163,57884,7406,0,58556,7430,36744163,978,74,60691513,1
476199,4380252,3,38660,35154475,3222994,2841,70285111,18071022,3,18089481,598573,462923,2,508131,463279,18089482,39463,2837,49433496,1
475785,5127324,1,38898,35226128,3225176,2971,70286685,18107462,1,18089091,596900,531663,2,597767,531720,18089091,39851,2971,49621378,1
474917,4875575,8,38150,35169970,3216541,2428,70356858,18073537,8,18107964,595500,421789,2,556084,421722,18107965,38932,2507,49551041,1
414582,4191767,0,35167,35210045,3119991,2017,70315022,18117685,0,15527389,581393,315580,0,469906,315491,15527388,34061,2071,49615055,1
5075,3632954,0,777,35093958,3423714,25,70170645,36747991,0,36762490,58436,7535,0,57956,7517,36762490,1366,28,60681688,1
471418,4409493,6,38027,35204546,3220127,2815,70289512,18068459,6,18111961,598536,472813,3,513403,473233,18108610,40605,2802,49561936,1
477425,4384988,0,38572,35172388,3213268,2844,70364103,18122828,0,18110815,596643,461263,0,508825,460907,18108844,40205,2839,49657440,1
473218,5077470,2,37025,35176135,3212078,17288,70360570,18103656,2,18148776,596653,569902,1,592636,569894,18150744,38931,17332,49546376,1
480495,4390404,0,38957,35163409,3205041,2911,70370778,18112432,0,18111630,595250,457535,0,509175,457408,18113600,40774,2925,49577886,1
411501,5105145,1,33875,35183642,3219163,3327,70360374,18151050,1,15544133,596280,527928,1,594116,528000,15544134,39941,3303,49769985,1
5037,3633473,2,747,35093615,3424550,192,70171403,36757771,2,36763306,58732,8627,1,58183,8586,36763307,1364,193,60695892,1
5125,3632482,0,860,35093884,3422049,119,70175179,36758327,0,36764616,57732,8071,0,57957,8042,36764616,1180,123,60694813,1
11125,151578,73,2708,6775463,647170,3851,2620612,1003173,73,900504,18324,23039,54,8461,23022,900505,3332,3908,1752173,1
5372,3632957,0,1074,35093664,3423294,31,70173987,36698124,0,36753266,57258,7083,0,57772,7079,36753267,742,29,60606373,1
5007,1548957,3,874,30611254,1201795,59,70170845,20280418,3,20285220,80477,8958,0,90007,8937,20285220,815,59,60968028,1
473755,4098672,4,37780,35172496,3218361,2092,70313587,18108203,4,18167132,597952,313070,0,458933,312653,18167136,39526,2131,49614717,1
475676,5106182,1,38329,35153345,3211769,3028,70346446,18113031,1,18092445,594995,529096,0,594546,529092,18089199,40236,3057,49667831,1
485203,4748433,0,40387,35167299,3219675,1896,70346796,18102937,0,18110554,592689,339471,0,529659,339472,18110553,38413,1868,49710939,1
476346,5099344,4,38788,35154630,3206742,3654,70387767,18139320,4,18109623,596094,525930,3,593602,526310,18107656,39880,3642,49724221,1
477034,5094725,0,39261,35171565,3199213,4429,70360080,18070902,0,18061507,594213,532115,0,592076,532100,18064541,39913,4424,49444522,1
475608,5090853,0,38722,35214751,3214136,2910,70272579,18076967,0,18106519,596907,521758,0,591456,521790,18106519,40316,2917,49487593,1
475641,4950150,3,38987,35194296,3238486,2803,70320419,18073500,3,18108843,601851,456348,2,568469,456326,18110812,40610,2844,49501689,1
471247,4739413,3,38144,35153860,3213490,1663,70389665,18115530,3,17991909,593997,333785,1,527442,333811,17993883,39087,1618,49531147,1
1336498,10784417,79,125102,35088976,5798647,3605,959942,191578,79,19378398,593561,1440108,73,595965,1440130,19378396,102352,3596,434934,1
475539,5109439,1,39201,35187288,3225865,3442,70347576,18065767,1,18132949,598822,529141,3,594447,529110,18134431,41517,3445,49523415,1
495306,5687184,15,45906,35036476,5703287,18474,306592,52307,16,7390774,584411,796004,14,330933,796018,7390776,108229,18489,128726,1
5314,3634953,13,1240,35092564,3425333,408,70170883,36758692,13,36746235,57690,8322,11,58346,8363,36746234,765,407,60698153,1
482600,4382420,0,40760,35165409,3201308,2825,70371017,18104172,0,18073501,594273,460016,1,508093,460022,18076853,38626,2831,49593719,1
5832,3633908,0,892,35123744,3425122,11,70171232,36760310,0,36753332,57619,7252,0,57181,7266,36753332,979,8,60700475,1
5025,3633471,0,762,35093022,3426407,259,70172073,36757673,0,36761565,57963,9895,0,58739,9825,36761566,815,260,60697066,1
473027,5097767,0,38556,35166574,3196568,3055,70289747,18117694,0,18131381,595097,525999,0,592349,525735,18131382,38250,3067,49589450,1
474011,4778551,0,39081,35161871,3211511,3333,70317423,18136732,0,18084515,597629,503377,1,555339,502976,18086588,41392,3346,49815725,1
480458,4765024,5,39007,35160750,3214962,1841,70430891,18121561,5,18139092,596150,335788,2,525503,335767,18139091,39548,1865,49678875,1
479399,4409642,5,39388,35221480,3220226,2951,70301720,18094694,5,18113471,598094,472919,1,513275,472947,18110439,40139,2931,49598063,1
456052,5134277,3,37586,35176162,3186843,2883,70283595,18124467,3,17249877,591839,538018,3,599160,538178,17249877,37545,2875,49705291,1
215457,10892809,1,24345,34975462,5797573,3803,69621823,20052267,1,3438602,594871,1274858,4,600427,1274833,3438600,126198,3815,49361446,1
483749,5112661,3,40417,35173768,3052412,3463,70315148,18062663,3,18064025,565393,529504,4,595668,529188,18064026,26420,3460,49392350,1
476047,5102548,2,38484,35207866,3206100,3085,70290645,18108533,2,18122456,596130,527732,2,593530,527736,18122459,39280,3089,49660773,1
422292,4072637,0,36761,35179122,3239463,1703,70281732,17696881,0,15568517,596234,288060,0,450563,288058,15570528,39643,1681,48415572,1
476319,4769286,0,37626,35166275,3224101,2506,70270872,18093537,0,18126095,597160,350663,0,531184,350645,18126095,39274,2516,49439901,1
475445,4528190,7,37877,35178090,3220019,17834,70402653,18119054,7,18135022,597106,514731,3,526564,514315,18135021,40062,17877,49517038,1
5040,1545883,2,938,35093677,1375607,26,70171889,20280088,2,20285132,98503,7418,2,98566,7458,20285133,826,25,60967149,1
475718,4763370,4,38228,35169685,3207448,1814,70334110,18010207,4,18131624,593956,345097,2,529063,345527,18131625,38801,1762,49348755,1
470589,4815704,0,36868,35149879,3208536,2750,70343749,18126481,0,18148817,594177,379502,1,539817,379514,18147333,38794,2733,49690936,1
481021,4849956,5,40130,35159517,3205181,2656,70289184,18087140,5,18124514,592757,399047,1,548147,399071,18124516,38736,2639,49546824,1
1301089,10884110,0,132336,34981699,5626441,5192,71420842,20150144,0,19173331,593310,1266407,3,597356,1266402,19173331,130010,5187,49671558,1
479359,4378309,51,41987,35303719,3212937,5033,70575484,17699895,54,18076489,597684,462701,40,508213,463143,18079723,43027,4825,48278674,1
887754,6713515,4,81130,32697222,5423939,4385,42625533,11749530,4,12946044,549516,896462,2,373002,896456,12946043,99603,4439,29247531,1
5014,1547492,2,920,35092881,1376715,63,70171521,20280447,2,20285184,89716,7524,2,90004,7529,20285184,883,63,60968373,1
476607,4377925,2,38268,35156105,3197407,3413,70342927,18109423,2,18123232,594447,460963,1,508635,460725,18125221,38494,3394,49612419,1
478143,5125865,0,39081,35156518,3170265,3904,70306826,18097696,0,18127893,590288,538432,0,597804,538369,18127891,38195,3912,49547626,1
5104,3632988,18,882,35106034,3422512,314,70176772,36758168,20,36763405,57858,8035,7,58236,8115,36763404,975,278,60694990,1
474882,4948206,3,38824,35158928,3209621,2964,70396530,18091577,3,18101534,596554,514777,0,576022,514787,18101537,40980,2958,49536186,1
187123,5606962,55,20306,22320085,3708867,5654,43374110,12361276,58,2885099,383572,664779,63,317573,664733,2885099,78763,5618,30362996,1
5018,3633108,993,759,35094511,3425020,301,70172554,36761181,987,36765050,57631,8616,974,58111,8627,36765051,882,291,60700253,1
408650,4741744,3,32659,35226016,3061126,1691,70368911,18161779,3,15536990,572245,335285,0,526548,335312,15536991,29712,1626,49897644,1
475550,4410494,1,39784,35166373,3224043,2728,70269203,18104696,1,18089839,597104,473036,1,513214,472654,18089839,39814,2732,49675013,1
470383,4387723,0,37223,35173922,3202815,2825,70363314,18048542,0,18108583,594082,461731,0,509936,461718,18106510,37872,2827,49379003,1
482355,4754328,0,40146,35208408,3224103,2840,70391195,18127917,0,18084361,598491,351711,0,532825,351721,18084362,41118,2819,49689785,1
479807,5104391,2,39087,35148990,3205643,2821,70365556,18069684,2,18125663,595360,524872,1,592585,525242,18123700,41925,2817,49447234,1
478188,4272831,4,38679,35157211,3204656,3421,70381533,18103926,4,18096365,594420,414641,1,492867,414611,18096367,38925,3437,49619623,1
476281,5147884,1,39050,35150052,3214385,3433,70325111,18082407,1,18099387,597450,540773,2,600963,540788,18099388,39871,3436,49639871,1
5104,1547433,1,815,35093380,1376428,34,70171836,20277060,2,20285231,98476,7541,1,89974,7516,20285231,1363,32,60955714,1
468992,5128861,0,37287,35203593,3202923,2846,70365588,18093025,0,18140631,596075,537350,2,598762,537389,18140632,39519,2829,49705293,1
476723,4740899,0,38456,35144550,3236148,1308,70301004,18109639,0,18116263,595277,332985,0,525518,332993,18116265,39121,1293,49654709,1
481671,4370140,1,39892,35219392,3206183,2857,70396376,18110197,1,18100933,594757,456073,1,505477,456060,18100936,38655,2860,49677655,1
477714,5121181,7,39061,35227946,3189358,2840,70319864,18059019,7,18099992,592617,529215,3,595906,529058,18098044,38012,2822,49428361,1
475613,4502674,4,39106,35181521,3202671,3444,70325633,18096235,4,18091099,593841,478606,2,524840,478274,18093073,39714,3458,49588212,1
471615,4964417,2,37434,35157413,3182973,2875,70309113,18103723,2,18139584,588497,458217,0,568523,458213,18139584,37030,2877,49722617,1
491531,4382920,1,48391,35222174,3227713,2930,70309791,18138242,1,17716343,598984,461476,1,510021,461591,17716344,40642,2916,49768796,1
731218,4636429,1,77185,34884898,5790446,5750,29420554,8412918,1,10982196,602252,552566,2,261935,552127,10982195,124060,5727,20656714,1
1076424,5873974,1050,103962,20736880,3441589,4668,69105152,19915228,1045,16018388,357346,703644,1059,327570,703650,16018387,75526,4693,48998253,1
476092,5111887,2,37869,35154701,3201450,3323,70346242,18103215,2,18129229,595636,529242,2,593232,529259,18129228,38774,3311,49605231,1
6677,3632421,0,1368,35093588,3424213,4,70170747,36759941,0,36742057,57330,7117,1,57637,7129,36742057,871,4,60697370,1
425596,5125096,6,34970,35198348,3087835,3181,70300961,18119091,6,16002931,577163,534941,1,595534,534914,16002932,31685,3178,49603474,1
469354,4678596,0,37249,35165771,3194349,2861,70406280,18114466,0,18131838,593374,493989,0,543796,494009,18131837,38195,2863,49613807,1
479432,4748293,4,40027,35228793,3224165,4381,70292001,18121205,4,18036843,596904,495516,1,553971,495528,18036842,41613,4356,49648076,1
463146,4626027,1,36890,35147385,3197456,3094,70354236,18140785,1,17681379,593033,412782,0,529462,412790,17681379,38057,3112,49744397,1
476564,4381461,3,39179,35187307,3238401,3053,70386093,18121358,3,18096943,598271,462534,2,509432,462505,18096943,40893,3066,49541382,1
478473,5117827,3,39173,35180789,3214598,3152,70385890,18106497,3,18076510,594212,531117,2,594425,531144,18076510,39858,3159,49552299,1
34524,3633269,0,10702,35092827,3422298,306,70178721,36741757,0,35718389,57619,11265,0,58889,11203,35718385,752,310,60669950,1
472792,5128313,4,37487,35159172,3221945,3125,70348999,18116399,4,18125577,595576,532360,3,598056,532359,18125577,39727,3117,49572285,1
4977,3633656,48,783,35093339,3425514,71,70174696,36706930,54,36764683,57326,7348,50,58046,7329,36764683,729,69,60617255,1
473755,5097935,0,37384,35140554,3203979,3125,70317694,18099972,0,18112194,594517,524459,0,592464,524531,18112193,38196,3121,49683852,1
491275,4863367,6,50985,35211997,3219610,2533,70273532,18077420,6,17662641,596659,406438,3,551197,406807,17661145,39155,2517,49464380,1
5025,3633838,55,871,35093167,3424450,33,70171836,36758677,55,36763985,57834,7368,50,57797,7355,36763987,935,31,60697777,1
475146,5113015,2,38028,35141215,3234447,3233,70974258,17883878,2,18147134,589126,530954,2,594236,530981,18147133,36278,3230,48893364,1
423867,4941347,1,35528,35146371,3137199,3339,70371128,18128095,1,15765297,583007,451190,0,565883,451175,15765296,34823,3373,49771108,1
479575,4400404,2,40168,35178524,3200473,3082,70308982,18113398,2,18082303,592505,465935,3,512406,465640,18080327,38114,3076,49608268,1
482211,4764127,5,39967,35150012,3219719,2296,70279036,18039726,5,18071600,596920,356339,2,535647,356350,18071601,40303,2342,49379663,1
482652,4754179,2,39460,35173821,3224612,2170,70336686,18117535,2,18122457,597727,348293,0,531200,348271,18122457,39521,2169,49629827,1
5035,1546553,3,865,35093041,1377273,41,70182603,20255939,3,20284896,90029,7393,1,94534,7394,20284897,990,39,60858125,1
476928,4449588,4,38016,35167580,3230478,2794,70367498,18124082,4,18113363,598921,472756,1,518702,472757,18113362,40543,2781,49612689,1
479830,5092276,3,39775,35231835,3214017,3894,70253555,18066684,3,18115143,597319,527522,1,593208,527789,18117168,39407,3898,49465617,1
5632,1548274,3,955,35093100,1376884,1066,70203696,20265970,3,20289675,89746,10298,2,93084,10313,20289675,823,1202,60914828,1
489818,4396701,3,48412,35216449,3219660,2942,70368092,18129644,3,17696378,598006,463977,3,510901,463958,17698339,40877,2945,49578361,1
478726,5107147,5,39467,35191009,3203733,3271,70381963,18136677,5,18114731,595556,524197,1,591319,524196,18117789,38754,3271,49699033,1
480454,4990887,1,38860,35204652,3216635,3456,70357212,18129140,1,18114966,597046,476797,3,574971,476796,18112992,39587,3466,49693565,1
484121,4817747,1,41458,35182903,3240740,3116,70391361,18124021,1,18035468,600645,504391,1,563023,504353,18035469,41661,3114,49587914,1
471134,5138406,2,37749,35213087,3201239,3219,70351348,18105137,2,18126720,592095,540658,2,599196,541076,18126721,38132,3208,49611055,1
756044,10064418,0,84588,14019786,2336495,6680,66791478,18958649,0,11322283,238224,1198409,1,557718,1198387,11322284,54184,6648,46529638,1
479540,4736599,7,39677,35198708,3214386,2971,70273391,18032278,7,18061984,598418,494983,2,551212,495016,18060020,41503,2959,49401186,1
477603,4591237,1,39078,35224981,3208195,2979,70336997,18118914,1,18112862,593894,433225,1,526836,433194,18112860,40323,3008,49622856,1
479748,5100968,2,39336,35190815,3203038,3719,70299441,18099630,2,18079466,596055,531007,0,593694,531011,18079465,39281,3724,49573214,1
478503,4334542,2,39158,35166336,3198470,17259,70343970,18100980,2,18100406,593008,492989,2,502469,492722,18100407,38258,17295,49513852,1
6592,3632630,1,1102,35093188,3422768,14,70227279,36745020,1,36750515,57801,7034,1,58049,7048,36750515,776,13,60678523,1
471892,4949875,3,37453,35179930,3214185,3482,70307068,18099861,3,18147515,597296,518673,2,574949,518674,18147513,39783,3478,49621147,1
